"Time","Block Storage Commit Latency (s)","Block Storage Commit Latency (s)","Block Storage Commit Latency (s)","Block Storage Commit Latency (s)","Block Storage Commit Latency (s)","Block Storage Commit Latency (s)","Block Storage Commit Latency (s)","Block Storage Commit Latency (s)","Block Storage Commit Latency (s)","Block Storage Commit Latency (s)","Block Storage Commit Latency (s)","Block Storage Commit Latency (s)","Block Storage Commit Latency (s)","Block Storage Commit Latency (s)","Block Storage Commit Latency (s)","Block Storage Commit Latency (s)","Block Storage Commit Latency (s)"
2026-04-20 04:41:20,0.000912,NaN,,,,,,,,,,,,,,,
2026-04-20 04:41:25,0.000785,0.000970,0.00120,,,,,,,,,,,,,,
2026-04-20 04:41:30,0.000785,0.000970,0.00110,,,,,,,,,,,,,,
2026-04-20 04:41:35,0.000658,0.000970,0.00110,,,,,,,,,,,,,,
2026-04-20 04:41:40,0.000770,0.000805,0.000993,,,,,,,,,,,,,,
2026-04-20 04:41:45,0.000782,0.000954,0.000939,,,,,,,,,,,,,,
2026-04-20 04:41:50,0.000785,0.00100,0.00100,,,,,,,,,,,,,,
2026-04-20 04:41:55,0.000783,0.00102,0.00101,,,,,,,,,,,,,,
2026-04-20 04:42:00,0.000782,0.00102,0.00100,,,,,,,,,,,,,,
2026-04-20 04:42:05,0.00115,0.00100,0.000977,,,,,,,,,,,,,,
2026-04-20 04:42:10,0.00172,0.00138,0.00131,,,,,,,,,,,,,,
2026-04-20 04:42:15,0.00224,0.00155,0.00150,,,,,,,,,,,,,,
2026-04-20 04:42:20,0.00275,0.00204,0.00186,,,,,,,,,,,,,,
2026-04-20 04:42:25,0.000787,0.000999,0.00144,,,,,,,,,,,,,,
2026-04-20 04:42:30,0.000763,0.00110,0.00112,,,,,,,,,,,,,,
2026-04-20 04:42:35,0.000763,0.00108,0.00108,,,,,,,,,,,,,,
2026-04-20 04:42:40,0.000758,0.00107,0.00107,,,,,,,,,,,,,,
2026-04-20 04:42:45,0.000754,0.00106,0.00105,,,,,,,,,,,,,,
2026-04-20 04:42:50,0.000746,0.00108,0.00107,,,,,,,,,,,,,,
2026-04-20 04:42:55,0.000746,0.00109,0.00108,,,,,,,,,,,,,,
2026-04-20 04:43:00,0.000748,0.00110,0.00112,,,,,,,,,,,,,,
2026-04-20 04:43:05,0.000762,0.00110,0.00111,,,,,,,,,,,,,,
2026-04-20 04:43:10,0.000880,0.00123,0.00117,,,,,,,,,,,,,,
2026-04-20 04:43:15,0.000812,0.00103,0.00101,,,,,,,,,,,,,,
2026-04-20 04:43:20,0.000810,0.00112,0.00111,,,,,,,,,,,,,,
2026-04-20 04:43:25,0.000810,0.00111,0.00110,,,,,,,,,,,,,,
2026-04-20 04:43:30,0.000802,0.00111,0.00110,,,,,,,,,,,,,,
2026-04-20 04:43:35,0.000802,0.00111,0.00111,,,,,,,,,,,,,,
2026-04-20 04:43:40,0.000798,0.00111,0.00112,,,,,,,,,,,,,,
2026-04-20 04:43:45,0.000803,0.00110,0.00111,,,,,,,,,,,,,,
2026-04-20 04:43:50,0.000800,0.00109,0.00109,,,,,,,,,,,,,,
2026-04-20 04:43:55,0.000807,0.00109,0.00106,,,,,,,,,,,,,,
2026-04-20 04:44:00,0.000907,0.000855,0.00107,,,,,,,,,,,,,,
2026-04-20 04:44:05,0.000797,0.00109,0.00110,,,,,,,,,,,,,,
2026-04-20 04:44:10,0.000785,0.00109,0.00110,,,,,,,,,,,,,,
2026-04-20 04:44:15,0.000786,0.00108,0.00109,,,,,,,,,,,,,,
2026-04-20 04:44:20,0.000786,0.00108,0.00108,,,,,,,,,,,,,,
2026-04-20 04:44:25,0.000786,0.00109,0.00108,,,,,,,,,,,,,,
2026-04-20 04:44:30,0.000778,0.00109,0.00108,,,,,,,,,,,,,,
2026-04-20 04:44:35,0.000775,0.00110,0.00110,,,,,,,,,,,,,,
2026-04-20 04:44:40,0.000775,0.00109,0.00110,,,,,,,,,,,,,,
2026-04-20 04:44:45,0.000781,0.00109,0.00108,,,,,,,,,,,,,,
2026-04-20 04:44:50,0.000794,0.00110,0.00109,,,,,,,,,,,,,,
2026-04-20 04:44:55,0.000792,0.00109,0.00108,,,,,,,,,,,,,,
2026-04-20 04:45:00,0.000803,0.00110,0.00110,,,,,,,,,,,,,,
2026-04-20 04:45:05,0.000799,0.00109,0.00108,,,,,,,,,,,,,,
2026-04-20 04:45:10,0.000812,0.00111,0.00111,,,,,,,,,,,,,,
2026-04-20 04:45:15,0.000802,0.00111,0.00110,,,,,,,,,,,,,,
2026-04-20 04:45:20,0.000811,0.00112,0.00112,,,,,,,,,,,,,,
2026-04-20 04:45:25,0.000818,0.00111,0.00111,,,,,,,,,,,,,,
2026-04-20 04:45:30,0.000847,0.00112,0.00114,,,,,,,,,,,,,,
2026-04-20 04:45:35,0.000866,0.00113,0.00113,,,,,,,,,,,,,,
2026-04-20 04:45:40,0.000866,0.00117,0.00116,,,,,,,,,,,,,,
2026-04-20 04:45:45,0.000842,0.00115,0.00115,,,,,,,,,,,,,,
2026-04-20 04:45:50,0.000820,0.00114,0.00114,,,,,,,,,,,,,,
2026-04-20 04:45:55,0.000823,0.00111,0.00112,,,,,,,,,,,,,,
2026-04-20 04:46:00,0.000828,0.00111,0.00110,,,,,,,,,,,,,,
2026-04-20 04:46:05,0.000841,0.00111,0.00111,,,,,,,,,,,,,,
2026-04-20 04:46:10,0.000899,0.00112,0.00111,,,,,,,,,,,,,,
2026-04-20 04:46:15,0.000963,0.00118,0.00117,,,,,,,,,,,,,,
2026-04-20 04:46:20,0.00100,0.00122,0.00121,,,,,,,,,,,,,,
2026-04-20 04:46:25,0.00100,0.00124,0.00124,,,,,,,,,,,,,,
2026-04-20 04:46:30,0.000995,0.00122,0.00124,,,,,,,,,,,,,,
2026-04-20 04:46:35,0.000991,0.00121,0.00124,,,,,,,,,,,,,,
2026-04-20 04:46:40,0.00100,0.00122,0.00125,,,,,,,,,,,,,,
2026-04-20 04:46:45,0.00100,0.00123,0.00125,,,,,,,,,,,,,,
2026-04-20 04:46:50,0.00101,0.00123,0.00125,,,,,,,,,,,,,,
2026-04-20 04:46:55,0.00101,0.00122,0.00124,,,,,,,,,,,,,,
2026-04-20 04:47:00,0.00102,0.00123,0.00124,,,,,,,,,,,,,,
2026-04-20 04:47:05,0.00103,0.00123,0.00125,,,,,,,,,,,,,,
2026-04-20 04:47:10,0.00103,0.00123,0.00125,,,,,,,,,,,,,,
2026-04-20 04:47:15,0.00102,0.00123,0.00124,,,,,,,,,,,,,,
2026-04-20 04:47:20,0.00101,0.00122,0.00124,,,,,,,,,,,,,,
2026-04-20 04:47:25,0.00102,0.00123,0.00124,,,,,,,,,,,,,,
2026-04-20 04:47:30,0.00102,0.00123,0.00125,,,,,,,,,,,,,,
2026-04-20 04:47:35,0.00102,0.00125,0.00125,,,,,,,,,,,,,,
2026-04-20 04:47:40,0.00102,0.00125,0.00126,,,,,,,,,,,,,,
2026-04-20 04:47:45,0.00102,0.00127,0.00126,,,,,,,,,,,,,,
2026-04-20 04:47:50,0.00103,0.00127,0.00127,,,,,,,,,,,,,,
2026-04-20 04:47:55,0.00103,0.00126,0.00128,,,,,,,,,,,,,,
2026-04-20 04:48:00,0.00102,0.00125,0.00127,,,,,,,,,,,,,,
2026-04-20 04:48:05,0.00101,0.00123,0.00125,,,,,,,,,,,,,,
2026-04-20 04:48:10,0.00101,0.00124,0.00125,,,,,,,,,,,,,,
2026-04-20 04:48:15,0.00101,0.00125,0.00126,,,,,,,,,,,,,,
2026-04-20 04:48:20,0.00101,0.00126,0.00126,,,,,,,,,,,,,,
2026-04-20 04:48:25,0.00102,0.00124,0.00126,,,,,,,,,,,,,,
2026-04-20 04:48:30,0.00102,0.00122,0.00125,,,,,,,,,,,,,,
2026-04-20 04:48:35,0.00101,0.00122,0.00125,,,,,,,,,,,,,,
2026-04-20 04:48:40,0.00102,0.00123,0.00125,,,,,,,,,,,,,,
2026-04-20 04:48:45,0.00103,0.00124,0.00126,,,,,,,,,,,,,,
2026-04-20 04:48:50,0.00104,0.00125,0.00127,,,,,,,,,,,,,,
2026-04-20 04:48:55,0.00105,0.00127,0.00127,,,,,,,,,,,,,,
2026-04-20 04:49:00,0.00104,0.00127,0.00130,,,,,,,,,,,,,,
2026-04-20 04:49:05,0.00101,0.00125,0.00128,,,,,,,,,,,,,,
2026-04-20 04:49:10,0.000943,0.00122,0.00127,,,,,,,,,,,,,,
2026-04-20 04:49:15,0.000782,0.00115,0.00119,,,,,,,,,,,,,,
2026-04-20 04:49:20,0.00117,0.000743,0.00105,,,,,,,,,,,,,,
2026-04-20 04:49:25,0.00103,0.00125,0.00130,,,,,,,,,,,,,,
2026-04-20 04:49:30,0.00104,0.00124,0.00128,,,,,,,,,,,,,,
2026-04-20 04:49:35,0.00101,0.00124,0.00127,,,,,,,,,,,,,,
2026-04-20 04:49:40,0.00104,0.00123,0.00126,,,,,,,,,,,,,,
2026-04-20 04:49:45,NaN,0.00119,0.00124,,,,,,,,,,,,,,
2026-04-20 04:49:50,NaN,NaN,NaN,,,,,,,,,,,,,,
2026-04-20 04:49:55,NaN,NaN,NaN,,,,,,,,,,,,,,
2026-04-20 04:50:00,NaN,NaN,NaN,,,,,,,,,,,,,,
2026-04-20 04:50:05,NaN,NaN,NaN,,,,,,,,,,,,,,
2026-04-20 04:50:10,NaN,NaN,NaN,,,,,,,,,,,,,,
2026-04-20 04:50:15,NaN,NaN,NaN,,,,,,,,,,,,,,
2026-04-20 04:50:20,NaN,NaN,NaN,,,,,,,,,,,,,,
2026-04-20 04:50:25,NaN,NaN,NaN,,,,,,,,,,,,,,
2026-04-20 04:50:30,NaN,NaN,NaN,,,,,,,,,,,,,,
2026-04-20 04:50:35,NaN,NaN,NaN,,,,,,,,,,,,,,
2026-04-20 04:50:40,NaN,NaN,NaN,,,,,,,,,,,,,,
2026-04-20 04:50:45,NaN,NaN,NaN,,,,,,,,,,,,,,
2026-04-20 04:50:50,NaN,NaN,NaN,,,,,,,,,,,,,,
2026-04-20 04:50:55,NaN,NaN,NaN,,,,,,,,,,,,,,
2026-04-20 04:51:00,NaN,NaN,NaN,,,,,,,,,,,,,,
2026-04-20 04:51:05,NaN,NaN,NaN,,,,,,,,,,,,,,
2026-04-20 04:51:10,NaN,NaN,NaN,,,,,,,,,,,,,,
2026-04-20 04:51:15,NaN,NaN,NaN,,,,,,,,,,,,,,
2026-04-20 04:51:20,NaN,NaN,NaN,,,,,,,,,,,,,,
2026-04-20 04:51:25,NaN,NaN,NaN,,,,,,,,,,,,,,
2026-04-20 04:51:30,NaN,NaN,NaN,,,,,,,,,,,,,,
2026-04-20 04:51:35,NaN,NaN,NaN,,,,,,,,,,,,,,
2026-04-20 04:51:40,NaN,NaN,NaN,,,,,,,,,,,,,,
2026-04-20 04:51:45,NaN,NaN,NaN,,,,,,,,,,,,,,
2026-04-20 04:51:50,NaN,NaN,NaN,,,,,,,,,,,,,,
2026-04-20 04:51:55,NaN,NaN,NaN,,,,,,,,,,,,,,
2026-04-20 04:52:00,NaN,NaN,NaN,,,,,,,,,,,,,,
2026-04-20 04:52:05,NaN,NaN,NaN,,,,,,,,,,,,,,
2026-04-20 04:52:10,NaN,NaN,NaN,,,,,,,,,,,,,,
2026-04-20 04:52:15,NaN,NaN,NaN,,,,,,,,,,,,,,
2026-04-20 04:52:20,NaN,NaN,NaN,,,,,,,,,,,,,,
2026-04-20 04:52:25,NaN,NaN,NaN,,,,,,,,,,,,,,
2026-04-20 04:52:30,NaN,NaN,NaN,,,,,,,,,,,,,,
2026-04-20 04:52:35,NaN,NaN,NaN,,,,,,,,,,,,,,
2026-04-20 04:52:40,NaN,NaN,NaN,,,,,,,,,,,,,,
2026-04-20 04:52:45,NaN,NaN,NaN,,,,,,,,,,,,,,
2026-04-20 04:52:50,NaN,NaN,NaN,,,,,,,,,,,,,,
2026-04-20 04:52:55,NaN,NaN,NaN,,,,,,,,,,,,,,
2026-04-20 04:53:00,NaN,NaN,NaN,,,,,,,,,,,,,,
2026-04-20 04:53:05,NaN,NaN,NaN,,,,,,,,,,,,,,
2026-04-20 04:53:10,NaN,NaN,NaN,,,,,,,,,,,,,,
2026-04-20 04:53:15,NaN,NaN,NaN,,,,,,,,,,,,,,
2026-04-20 04:53:20,NaN,NaN,NaN,,,,,,,,,,,,,,
2026-04-20 04:53:25,NaN,NaN,NaN,,,,,,,,,,,,,,
2026-04-20 04:53:30,NaN,NaN,NaN,,,,,,,,,,,,,,
2026-04-20 04:53:35,NaN,NaN,NaN,,,,,,,,,,,,,,
2026-04-20 04:53:40,NaN,NaN,NaN,,,,,,,,,,,,,,
2026-04-20 04:53:45,NaN,NaN,NaN,,,,,,,,,,,,,,
2026-04-20 04:53:50,NaN,NaN,NaN,,,,,,,,,,,,,,
2026-04-20 04:53:55,NaN,NaN,NaN,,,,,,,,,,,,,,
2026-04-20 04:54:00,NaN,NaN,NaN,,,,,,,,,,,,,,
2026-04-20 04:54:05,NaN,NaN,NaN,,,,,,,,,,,,,,
2026-04-20 04:54:10,NaN,NaN,NaN,,,,,,,,,,,,,,
2026-04-20 04:54:15,NaN,NaN,NaN,,,,,,,,,,,,,,
2026-04-20 04:54:20,NaN,NaN,NaN,,,,,,,,,,,,,,
2026-04-20 04:54:25,NaN,NaN,NaN,,,,,,,,,,,,,,
2026-04-20 04:54:30,NaN,NaN,NaN,,,,,,,,,,,,,,
2026-04-20 04:54:35,NaN,NaN,NaN,,,,,,,,,,,,,,
2026-04-20 04:54:40,NaN,NaN,NaN,,,,,,,,,,,,,,
2026-04-20 04:54:45,NaN,NaN,NaN,,,,,,,,,,,,,,
2026-04-20 04:54:50,NaN,NaN,NaN,,,,,,,,,,,,,,
2026-04-20 04:54:55,NaN,NaN,NaN,,,,,,,,,,,,,,
2026-04-20 04:55:00,NaN,NaN,NaN,,,,,,,,,,,,,,
2026-04-20 04:55:05,NaN,NaN,NaN,,,,,,,,,,,,,,
2026-04-20 04:55:10,NaN,NaN,NaN,,,,,,,,,,,,,,
2026-04-20 04:55:15,NaN,NaN,NaN,,,,,,,,,,,,,,
2026-04-20 04:55:20,NaN,NaN,NaN,,,,,,,,,,,,,,
2026-04-20 04:55:25,NaN,NaN,NaN,,,,,,,,,,,,,,
2026-04-20 04:55:30,NaN,NaN,NaN,,,,,,,,,,,,,,
2026-04-20 04:55:35,NaN,NaN,NaN,,,,,,,,,,,,,,
2026-04-20 04:55:40,NaN,NaN,NaN,,,,,,,,,,,,,,
2026-04-20 04:55:45,,NaN,NaN,,,,,,,,,,,,,,
2026-04-20 04:56:00,0.000932,NaN,NaN,,,,,,,0.000986,NaN,,,,,,
2026-04-20 04:56:05,0.000955,0.00132,0.00131,,,,,,,0.00130,0.00115,,,,,,
2026-04-20 04:56:10,0.000955,0.00132,0.00131,,,,,,,0.00130,0.00115,,,,,,
2026-04-20 04:56:15,0.000978,0.00132,0.00131,,,,,,,0.00161,0.00115,,,,,,
2026-04-20 04:56:20,NaN,NaN,NaN,,,,,,,NaN,NaN,,,,,,
2026-04-20 04:56:25,NaN,NaN,NaN,,,,,,,NaN,NaN,,,,,,
2026-04-20 04:56:30,0.000874,0.00144,NaN,,,,,,,0.00143,0.00118,,,,,,
2026-04-20 04:56:35,0.000834,0.00118,0.00110,,,,,,,0.00116,0.00109,,,,,,
2026-04-20 04:56:40,0.000864,0.00116,0.00117,,,,,,,0.00118,0.00110,,,,,,
2026-04-20 04:56:45,0.000844,0.00120,0.00119,,,,,,,0.00120,0.00115,,,,,,
2026-04-20 04:56:50,0.000841,0.00124,0.00125,,,,,,,0.00122,0.00123,,,,,,
2026-04-20 04:56:55,0.000809,0.00129,0.00126,,,,,,,0.00126,0.00131,,,,,,
2026-04-20 04:57:00,0.000798,0.00128,0.00128,,,,,,,0.00125,0.00134,,,,,,
2026-04-20 04:57:05,0.000780,0.00124,0.00123,,,,,,,0.00124,0.00128,,,,,,
2026-04-20 04:57:10,0.000774,0.00119,0.00121,,,,,,,0.00120,0.00123,,,,,,
2026-04-20 04:57:15,0.000777,0.00117,0.00117,,,,,,,0.00124,0.00118,,,,,,
2026-04-20 04:57:20,0.000755,0.00109,0.00119,,,,,,,0.00111,0.00119,,,,,,
2026-04-20 04:57:25,NaN,NaN,0.00109,,,,,,,NaN,NaN,,,,,,
2026-04-20 04:57:30,0.00108,0.00108,NaN,,,,,,,0.00113,NaN,,,,,,
2026-04-20 04:57:35,0.000847,0.00118,0.00116,,,,,,,0.00115,0.00116,,,,,,
2026-04-20 04:57:40,0.000832,0.00122,0.00120,,,,,,,0.00122,0.00120,,,,,,
2026-04-20 04:57:45,0.000809,0.00124,0.00121,,,,,,,0.00124,0.00124,,,,,,
2026-04-20 04:57:50,0.000812,0.00124,0.00124,,,,,,,0.00125,0.00125,,,,,,
2026-04-20 04:57:55,0.000806,0.00124,0.00125,,,,,,,0.00125,0.00126,,,,,,
2026-04-20 04:58:00,0.000811,0.00123,0.00125,,,,,,,0.00125,0.00126,,,,,,
2026-04-20 04:58:05,0.000810,0.00124,0.00123,,,,,,,0.00125,0.00125,,,,,,
2026-04-20 04:58:10,0.000862,0.00131,0.00129,,,,,,,0.00134,0.00132,,,,,,
2026-04-20 04:58:15,0.000965,0.00142,0.00137,,,,,,,0.00149,0.00139,,,,,,
2026-04-20 04:58:20,0.00852,0.00275,0.00185,,,,,,,0.0194,0.00223,,,,,,
2026-04-20 04:58:25,NaN,NaN,NaN,,,,,,,NaN,NaN,,,,,,
2026-04-20 04:58:30,0.000811,0.00139,0.00121,,,,,,,0.00124,0.00131,,,,,,
2026-04-20 04:58:35,0.000826,0.00131,0.00129,,,,,,,0.00129,0.00130,,,,,,
2026-04-20 04:58:40,0.000825,0.00133,0.00130,,,,,,,0.00131,0.00131,,,,,,
2026-04-20 04:58:45,0.000837,0.00131,0.00129,,,,,,,0.00130,0.00131,,,,,,
2026-04-20 04:58:50,0.000846,0.00132,0.00130,,,,,,,0.00131,0.00131,,,,,,
2026-04-20 04:58:55,0.000847,0.00131,0.00131,,,,,,,0.00130,0.00132,,,,,,
2026-04-20 04:59:00,0.000825,0.00131,0.00132,,,,,,,0.00130,0.00131,,,,,,
2026-04-20 04:59:05,0.000815,0.00129,0.00131,,,,,,,0.00127,0.00129,,,,,,
2026-04-20 04:59:10,0.000802,0.00130,0.00131,,,,,,,0.00129,0.00130,,,,,,
2026-04-20 04:59:15,0.000964,0.00133,0.00131,,,,,,,0.00140,0.00132,,,,,,
2026-04-20 04:59:20,NaN,0.0104,0.00272,,,,,,,0.0105,0.0104,,,,,,
2026-04-20 04:59:25,0.000848,NaN,NaN,,,,,,,NaN,NaN,,,,,,
2026-04-20 04:59:30,0.000793,0.00126,0.00125,,,,,,,0.00126,0.00124,,,,,,
2026-04-20 04:59:35,0.000836,0.00131,0.00128,,,,,,,0.00132,0.00130,,,,,,
2026-04-20 04:59:40,0.000828,0.00129,0.00129,,,,,,,0.00129,0.00129,,,,,,
2026-04-20 04:59:45,0.000831,0.00129,0.00129,,,,,,,0.00130,0.00130,,,,,,
2026-04-20 04:59:50,0.000828,0.00128,0.00128,,,,,,,0.00127,0.00128,,,,,,
2026-04-20 04:59:55,0.000841,0.00128,0.00128,,,,,,,0.00127,0.00128,,,,,,
2026-04-20 05:00:00,0.000844,0.00130,0.00129,,,,,,,0.00128,0.00128,,,,,,
2026-04-20 05:00:05,0.000838,0.00131,0.00130,,,,,,,0.00129,0.00130,,,,,,
2026-04-20 05:00:10,0.000841,0.00132,0.00130,,,,,,,0.00130,0.00129,,,,,,
2026-04-20 05:00:15,0.000838,0.00131,0.00129,,,,,,,0.00129,0.00127,,,,,,
2026-04-20 05:00:20,0.000839,0.00130,0.00128,,,,,,,0.00130,0.00127,,,,,,
2026-04-20 05:00:25,0.000849,0.00132,0.00129,,,,,,,0.00131,0.00131,,,,,,
2026-04-20 05:00:30,0.000854,0.00132,0.00132,,,,,,,0.00132,0.00132,,,,,,
2026-04-20 05:00:35,0.000861,0.00133,0.00132,,,,,,,0.00131,0.00132,,,,,,
2026-04-20 05:00:40,0.000848,0.00131,0.00131,,,,,,,0.00130,0.00130,,,,,,
2026-04-20 05:00:45,0.000851,0.00132,0.00129,,,,,,,0.00131,0.00130,,,,,,
2026-04-20 05:00:50,0.000852,0.00132,0.00129,,,,,,,0.00130,0.00130,,,,,,
2026-04-20 05:00:55,0.000864,0.00132,0.00130,,,,,,,0.00131,0.00131,,,,,,
2026-04-20 05:01:00,0.000889,0.00133,0.00132,,,,,,,0.00132,0.00133,,,,,,
2026-04-20 05:01:05,0.000898,0.00134,0.00134,,,,,,,0.00134,0.00135,,,,,,
2026-04-20 05:01:10,0.000904,0.00136,0.00137,,,,,,,0.00137,0.00138,,,,,,
2026-04-20 05:01:15,0.000886,0.00136,0.00137,,,,,,,0.00137,0.00138,,,,,,
2026-04-20 05:01:20,0.000888,0.00137,0.00138,,,,,,,0.00137,0.00138,,,,,,
2026-04-20 05:01:25,0.000889,0.00135,0.00136,,,,,,,0.00135,0.00135,,,,,,
2026-04-20 05:01:30,0.000897,0.00135,0.00135,,,,,,,0.00134,0.00133,,,,,,
2026-04-20 05:01:35,0.000947,0.00136,0.00134,,,,,,,0.00137,0.00135,,,,,,
2026-04-20 05:01:40,0.00102,0.00140,0.00139,,,,,,,0.00141,0.00140,,,,,,
2026-04-20 05:01:45,0.00116,0.00149,0.00146,,,,,,,0.00151,0.00147,,,,,,
2026-04-20 05:01:50,0.00127,0.00155,0.00154,,,,,,,0.00157,0.00154,,,,,,
2026-04-20 05:01:55,0.00131,0.00159,0.00158,,,,,,,0.00159,0.00158,,,,,,
2026-04-20 05:02:00,0.00130,0.00158,0.00158,,,,,,,0.00158,0.00159,,,,,,
2026-04-20 05:02:05,0.00127,0.00157,0.00158,,,,,,,0.00157,0.00157,,,,,,
2026-04-20 05:02:10,0.00128,0.00157,0.00159,,,,,,,0.00159,0.00157,,,,,,
2026-04-20 05:02:15,0.00128,0.00159,0.00160,,,,,,,0.00160,0.00157,,,,,,
2026-04-20 05:02:20,0.00131,0.00159,0.00158,,,,,,,0.00162,0.00157,,,,,,
2026-04-20 05:02:25,0.00133,0.00159,0.00161,,,,,,,0.00162,0.00159,,,,,,
2026-04-20 05:02:30,0.00134,0.00158,0.00161,,,,,,,0.00160,0.00160,,,,,,
2026-04-20 05:02:35,0.00132,0.00160,0.00163,,,,,,,0.00160,0.00162,,,,,,
2026-04-20 05:02:40,0.00134,0.00162,0.00162,,,,,,,0.00161,0.00162,,,,,,
2026-04-20 05:02:45,0.00135,0.00161,0.00161,,,,,,,0.00161,0.00162,,,,,,
2026-04-20 05:02:50,0.00135,0.00161,0.00162,,,,,,,0.00162,0.00162,,,,,,
2026-04-20 05:02:55,0.00134,0.00161,0.00162,,,,,,,0.00164,0.00162,,,,,,
2026-04-20 05:03:00,0.00134,0.00162,0.00164,,,,,,,0.00165,0.00164,,,,,,
2026-04-20 05:03:05,0.00135,0.00163,0.00166,,,,,,,0.00166,0.00166,,,,,,
2026-04-20 05:03:10,0.00136,0.00163,0.00163,,,,,,,0.00164,0.00163,,,,,,
2026-04-20 05:03:15,0.00134,0.00163,0.00163,,,,,,,0.00164,0.00163,,,,,,
2026-04-20 05:03:20,0.00136,0.00163,0.00163,,,,,,,0.00164,0.00162,,,,,,
2026-04-20 05:03:25,0.00135,0.00163,0.00165,,,,,,,0.00167,0.00164,,,,,,
2026-04-20 05:03:30,0.00138,0.00169,0.00166,,,,,,,0.00167,0.00166,,,,,,
2026-04-20 05:03:35,0.00141,0.00169,0.00167,,,,,,,0.00169,0.00167,,,,,,
2026-04-20 05:03:40,0.00140,0.00168,0.00169,,,,,,,0.00165,0.00167,,,,,,
2026-04-20 05:03:45,0.00137,0.00163,0.00167,,,,,,,0.00164,0.00167,,,,,,
2026-04-20 05:03:50,0.00134,0.00163,0.00163,,,,,,,0.00161,0.00164,,,,,,
2026-04-20 05:03:55,0.00134,0.00163,0.00164,,,,,,,0.00164,0.00163,,,,,,
2026-04-20 05:04:00,0.00136,0.00165,0.00165,,,,,,,0.00167,0.00162,,,,,,
2026-04-20 05:04:05,0.00138,0.00166,0.00167,,,,,,,0.00168,0.00165,,,,,,
2026-04-20 05:04:10,0.00134,0.00166,0.00165,,,,,,,0.00165,0.00165,,,,,,
2026-04-20 05:04:15,0.00135,0.00164,0.00165,,,,,,,0.00163,0.00165,,,,,,
2026-04-20 05:04:20,0.00135,0.00161,0.00163,,,,,,,0.00165,0.00163,,,,,,
2026-04-20 05:04:25,0.00136,0.00162,0.00165,,,,,,,0.00167,0.00164,,,,,,
2026-04-20 05:04:30,0.00124,0.00159,0.00162,,,,,,,0.00161,0.00162,,,,,,
2026-04-20 05:04:35,0.00110,0.00153,0.00155,,,,,,,0.00150,0.00155,,,,,,
2026-04-20 05:04:40,0.000932,0.00143,0.00144,,,,,,,0.00138,0.00145,,,,,,
2026-04-20 05:04:45,0.000854,0.00128,0.00132,,,,,,,0.00124,0.00128,,,,,,
2026-04-20 05:04:50,0.00355,0.00131,0.00127,,,,,,,0.00247,0.00128,,,,,,
2026-04-20 05:04:55,0.00114,0.00150,0.00161,,,,,,,0.00149,0.00156,,,,,,
2026-04-20 05:05:00,0.00127,0.00159,0.00155,,,,,,,0.00161,0.00157,,,,,,
2026-04-20 05:05:05,0.00122,0.00156,0.00158,,,,,,,0.00157,0.00158,,,,,,
2026-04-20 05:05:10,0.00128,0.00159,0.00157,,,,,,,0.00161,0.00160,,,,,,
2026-04-20 05:05:15,0.000855,0.00153,0.00161,,,,,,,0.00140,0.00163,,,,,,
2026-04-20 05:05:20,NaN,0.0106,0.00140,,,,,,,0.00767,0.00257,,,,,,
2026-04-20 05:05:25,NaN,NaN,NaN,,,,,,,NaN,NaN,,,,,,
2026-04-20 05:05:30,NaN,NaN,NaN,,,,,,,NaN,NaN,,,,,,
2026-04-20 05:05:35,NaN,NaN,NaN,,,,,,,NaN,NaN,,,,,,
2026-04-20 05:05:40,NaN,NaN,NaN,,,,,,,NaN,NaN,,,,,,
2026-04-20 05:05:45,NaN,NaN,NaN,,,,,,,NaN,NaN,,,,,,
2026-04-20 05:05:50,NaN,NaN,NaN,,,,,,,NaN,NaN,,,,,,
2026-04-20 05:05:55,NaN,NaN,NaN,,,,,,,NaN,NaN,,,,,,
2026-04-20 05:06:00,NaN,NaN,NaN,,,,,,,NaN,NaN,,,,,,
2026-04-20 05:06:05,NaN,NaN,NaN,,,,,,,NaN,NaN,,,,,,
2026-04-20 05:06:10,NaN,NaN,NaN,,,,,,,NaN,NaN,,,,,,
2026-04-20 05:06:15,NaN,NaN,NaN,,,,,,,NaN,NaN,,,,,,
2026-04-20 05:06:20,NaN,NaN,NaN,,,,,,,NaN,NaN,,,,,,
2026-04-20 05:06:25,NaN,NaN,NaN,,,,,,,NaN,NaN,,,,,,
2026-04-20 05:06:30,NaN,NaN,NaN,,,,,,,NaN,NaN,,,,,,
2026-04-20 05:06:35,NaN,NaN,NaN,,,,,,,NaN,NaN,,,,,,
2026-04-20 05:06:40,NaN,NaN,NaN,,,,,,,NaN,NaN,,,,,,
2026-04-20 05:06:45,NaN,NaN,NaN,,,,,,,NaN,NaN,,,,,,
2026-04-20 05:06:50,NaN,NaN,NaN,,,,,,,NaN,NaN,,,,,,
2026-04-20 05:06:55,NaN,NaN,NaN,,,,,,,NaN,NaN,,,,,,
2026-04-20 05:07:00,NaN,NaN,NaN,,,,,,,NaN,NaN,,,,,,
2026-04-20 05:07:05,NaN,NaN,NaN,,,,,,,NaN,NaN,,,,,,
2026-04-20 05:07:10,NaN,NaN,NaN,,,,,,,NaN,NaN,,,,,,
2026-04-20 05:07:15,NaN,NaN,NaN,,,,,,,NaN,NaN,,,,,,
2026-04-20 05:07:20,NaN,NaN,NaN,,,,,,,NaN,NaN,,,,,,
2026-04-20 05:07:25,NaN,NaN,NaN,,,,,,,NaN,NaN,,,,,,
2026-04-20 05:07:30,NaN,NaN,NaN,,,,,,,NaN,NaN,,,,,,
2026-04-20 05:07:35,NaN,NaN,NaN,,,,,,,NaN,NaN,,,,,,
2026-04-20 05:07:40,NaN,NaN,NaN,,,,,,,NaN,NaN,,,,,,
2026-04-20 05:07:45,NaN,NaN,NaN,,,,,,,NaN,NaN,,,,,,
2026-04-20 05:07:50,NaN,NaN,NaN,,,,,,,NaN,NaN,,,,,,
2026-04-20 05:07:55,NaN,NaN,NaN,,,,,,,NaN,NaN,,,,,,
2026-04-20 05:08:00,NaN,NaN,NaN,,,,,,,NaN,NaN,,,,,,
2026-04-20 05:08:05,NaN,NaN,NaN,,,,,,,NaN,NaN,,,,,,
2026-04-20 05:08:10,NaN,NaN,NaN,,,,,,,NaN,NaN,,,,,,
2026-04-20 05:08:15,NaN,NaN,NaN,,,,,,,NaN,NaN,,,,,,
2026-04-20 05:08:20,NaN,NaN,NaN,,,,,,,NaN,NaN,,,,,,
2026-04-20 05:08:25,NaN,NaN,NaN,,,,,,,NaN,NaN,,,,,,
2026-04-20 05:08:30,NaN,NaN,NaN,,,,,,,NaN,NaN,,,,,,
2026-04-20 05:08:35,NaN,NaN,NaN,,,,,,,NaN,NaN,,,,,,
2026-04-20 05:08:40,NaN,NaN,NaN,,,,,,,NaN,NaN,,,,,,
2026-04-20 05:08:45,NaN,NaN,NaN,,,,,,,NaN,NaN,,,,,,
2026-04-20 05:08:50,NaN,NaN,NaN,,,,,,,NaN,NaN,,,,,,
2026-04-20 05:08:55,NaN,NaN,NaN,,,,,,,NaN,NaN,,,,,,
2026-04-20 05:09:00,NaN,NaN,NaN,,,,,,,NaN,NaN,,,,,,
2026-04-20 05:09:05,NaN,NaN,NaN,,,,,,,NaN,NaN,,,,,,
2026-04-20 05:09:10,NaN,NaN,NaN,,,,,,,NaN,NaN,,,,,,
2026-04-20 05:09:15,NaN,NaN,NaN,,,,,,,NaN,NaN,,,,,,
2026-04-20 05:09:20,NaN,NaN,NaN,,,,,,,NaN,NaN,,,,,,
2026-04-20 05:09:25,NaN,NaN,NaN,,,,,,,NaN,NaN,,,,,,
2026-04-20 05:09:30,NaN,NaN,NaN,,,,,,,NaN,NaN,,,,,,
2026-04-20 05:09:35,NaN,NaN,NaN,,,,,,,NaN,NaN,,,,,,
2026-04-20 05:09:40,NaN,NaN,NaN,,,,,,,NaN,NaN,,,,,,
2026-04-20 05:09:45,NaN,NaN,NaN,,,,,,,NaN,NaN,,,,,,
2026-04-20 05:09:50,NaN,NaN,NaN,,,,,,,NaN,NaN,,,,,,
2026-04-20 05:09:55,NaN,NaN,NaN,,,,,,,NaN,NaN,,,,,,
2026-04-20 05:10:00,NaN,NaN,NaN,,,,,,,NaN,NaN,,,,,,
2026-04-20 05:10:05,NaN,NaN,NaN,,,,,,,NaN,NaN,,,,,,
2026-04-20 05:10:10,NaN,NaN,NaN,,,,,,,NaN,NaN,,,,,,
2026-04-20 05:10:15,NaN,NaN,NaN,,,,,,,NaN,NaN,,,,,,
2026-04-20 05:10:20,NaN,NaN,NaN,,,,,,,NaN,NaN,,,,,,
2026-04-20 05:10:25,NaN,NaN,NaN,,,,,,,NaN,NaN,,,,,,
2026-04-20 05:10:30,NaN,NaN,NaN,,,,,,,NaN,NaN,,,,,,
2026-04-20 05:10:35,NaN,NaN,NaN,,,,,,,NaN,NaN,,,,,,
2026-04-20 05:10:40,NaN,NaN,NaN,,,,,,,NaN,NaN,,,,,,
2026-04-20 05:10:45,NaN,NaN,NaN,,,,,,,NaN,NaN,,,,,,
2026-04-20 05:10:50,NaN,NaN,NaN,,,,,,,NaN,NaN,,,,,,
2026-04-20 05:10:55,NaN,NaN,NaN,,,,,,,NaN,NaN,,,,,,
2026-04-20 05:11:00,NaN,NaN,NaN,,,,,,,NaN,NaN,,,,,,
2026-04-20 05:11:05,NaN,NaN,NaN,,,,,,,NaN,NaN,,,,,,
2026-04-20 05:11:10,NaN,NaN,NaN,,,,,,,NaN,NaN,,,,,,
2026-04-20 05:11:15,NaN,NaN,NaN,,,,,,,NaN,NaN,,,,,,
2026-04-20 05:11:20,NaN,NaN,NaN,,,,,,,NaN,NaN,,,,,,
2026-04-20 05:11:25,,NaN,NaN,,,,,,,NaN,NaN,,,,,,
2026-04-20 05:11:40,0.00104,NaN,NaN,,,,,,,NaN,NaN,NaN,NaN,NaN,0.00106,,
2026-04-20 05:11:45,0.000985,0.00134,0.00147,,,,,,,0.00133,0.00127,0.00135,0.00133,0.00139,0.00145,,
2026-04-20 05:11:50,0.000985,0.00134,0.00147,,,,,,,0.00133,0.00127,0.00151,0.00133,0.00139,0.00139,,
2026-04-20 05:11:55,0.000932,0.00134,0.00147,,,,,,,0.00133,0.00127,0.00151,0.00133,0.00139,0.00194,,
2026-04-20 05:12:00,NaN,NaN,NaN,,,,,,,NaN,NaN,0.00166,NaN,NaN,NaN,,
2026-04-20 05:12:05,NaN,NaN,NaN,,,,,,,NaN,NaN,NaN,NaN,NaN,NaN,,
2026-04-20 05:12:10,NaN,NaN,NaN,,,,,,,NaN,NaN,NaN,NaN,NaN,NaN,,
2026-04-20 05:12:15,NaN,NaN,NaN,,,,,,,NaN,NaN,NaN,NaN,NaN,NaN,,
2026-04-20 05:12:20,NaN,NaN,NaN,,,,,,,NaN,NaN,NaN,NaN,NaN,NaN,,
2026-04-20 05:12:25,0.000790,0.00110,NaN,,,,,,,0.00115,NaN,NaN,0.00120,0.00117,0.00139,,
2026-04-20 05:12:30,0.000817,0.00141,0.00129,,,,,,,0.00127,0.00141,0.00132,0.00129,0.00137,0.00134,,
2026-04-20 05:12:35,0.000805,0.00133,0.00132,,,,,,,0.00132,0.00130,0.00130,0.00133,0.00136,0.00134,,
2026-04-20 05:12:40,0.000840,0.00139,0.00142,,,,,,,0.00137,0.00139,0.00138,0.00145,0.00141,0.00142,,
2026-04-20 05:12:45,0.000849,0.00144,0.00146,,,,,,,0.00139,0.00144,0.00144,0.00149,0.00143,0.00143,,
2026-04-20 05:12:50,0.000863,0.00145,0.00146,,,,,,,0.00140,0.00145,0.00144,0.00151,0.00143,0.00146,,
2026-04-20 05:12:55,0.000870,0.00143,0.00143,,,,,,,0.00143,0.00143,0.00142,0.00147,0.00142,0.00143,,
2026-04-20 05:13:00,0.000922,0.00141,0.00145,,,,,,,0.00146,0.00141,0.00140,0.00147,0.00142,0.00143,,
2026-04-20 05:13:05,0.000942,0.00143,0.00145,,,,,,,0.00153,0.00147,0.00141,0.00150,0.00145,0.00145,,
2026-04-20 05:13:10,0.000960,0.00145,0.00155,,,,,,,0.00156,0.00151,0.00149,0.00151,0.00146,0.00144,,
2026-04-20 05:13:15,0.000791,0.00148,0.00155,,,,,,,0.00158,0.00159,0.00152,0.00158,0.00152,0.00146,,
2026-04-20 05:13:20,0.000828,0.00147,0.00186,,,,,,,0.00141,0.00156,0.00169,0.00138,0.00137,0.00141,,
2026-04-20 05:13:25,NaN,NaN,NaN,,,,,,,NaN,NaN,NaN,NaN,NaN,NaN,,
2026-04-20 05:13:30,NaN,NaN,NaN,,,,,,,NaN,NaN,NaN,NaN,NaN,NaN,,
2026-04-20 05:13:35,NaN,NaN,NaN,,,,,,,NaN,NaN,NaN,NaN,NaN,NaN,,
2026-04-20 05:13:40,NaN,NaN,NaN,,,,,,,NaN,NaN,NaN,NaN,NaN,NaN,,
2026-04-20 05:13:45,0.000786,0.00135,0.00138,,,,,,,0.00136,0.00141,NaN,0.00134,0.00136,0.00134,,
2026-04-20 05:13:50,0.000778,0.00134,0.00132,,,,,,,0.00136,0.00133,0.00135,0.00133,0.00134,0.00133,,
2026-04-20 05:13:55,0.000804,0.00134,0.00133,,,,,,,0.00137,0.00135,0.00132,0.00136,0.00134,0.00135,,
2026-04-20 05:14:00,0.000811,0.00137,0.00135,,,,,,,0.00139,0.00137,0.00135,0.00137,0.00138,0.00137,,
2026-04-20 05:14:05,0.000816,0.00138,0.00137,,,,,,,0.00139,0.00138,0.00136,0.00138,0.00139,0.00138,,
2026-04-20 05:14:10,0.000813,0.00139,0.00138,,,,,,,0.00140,0.00137,0.00138,0.00138,0.00138,0.00137,,
2026-04-20 05:14:15,0.000801,0.00138,0.00140,,,,,,,0.00140,0.00137,0.00139,0.00140,0.00138,0.00138,,
2026-04-20 05:14:20,0.000933,0.00143,0.00141,,,,,,,0.00146,0.00138,0.00138,0.00146,0.00145,0.00144,,
2026-04-20 05:14:25,0.00107,0.00147,0.00150,,,,,,,0.00148,0.00149,0.00145,0.00152,0.00151,0.00152,,
2026-04-20 05:14:30,0.00142,0.00156,0.00156,,,,,,,0.00155,0.00159,0.00150,0.00159,0.00160,0.00162,,
2026-04-20 05:14:35,0.00117,0.00143,0.00173,,,,,,,0.00137,0.00184,0.00169,0.00142,0.00144,0.00147,,
2026-04-20 05:14:40,0.000735,0.00142,0.00145,,,,,,,0.00119,0.00161,0.00144,0.00118,0.00123,0.00123,,
2026-04-20 05:14:45,NaN,NaN,NaN,,,,,,,NaN,NaN,NaN,NaN,NaN,NaN,,
2026-04-20 05:14:50,NaN,NaN,NaN,,,,,,,NaN,NaN,NaN,NaN,NaN,NaN,,
2026-04-20 05:14:55,NaN,NaN,NaN,,,,,,,NaN,NaN,NaN,NaN,NaN,NaN,,
2026-04-20 05:15:00,NaN,NaN,NaN,,,,,,,NaN,NaN,NaN,NaN,NaN,NaN,,
2026-04-20 05:15:05,0.000842,NaN,NaN,,,,,,,0.00157,NaN,NaN,0.00139,NaN,0.00159,,
2026-04-20 05:15:10,0.000841,0.00153,0.00149,,,,,,,0.00145,0.00152,0.00157,0.00147,0.00149,0.00147,,
2026-04-20 05:15:15,0.000828,0.00150,0.00148,,,,,,,0.00149,0.00148,0.00149,0.00147,0.00152,0.00149,,
2026-04-20 05:15:20,0.000845,0.00153,0.00149,,,,,,,0.00154,0.00151,0.00151,0.00152,0.00153,0.00153,,
2026-04-20 05:15:25,0.000874,0.00159,0.00155,,,,,,,0.00162,0.00156,0.00157,0.00160,0.00160,0.00162,,
2026-04-20 05:15:30,0.000893,0.00165,0.00164,,,,,,,0.00167,0.00164,0.00165,0.00166,0.00165,0.00167,,
2026-04-20 05:15:35,0.000898,0.00169,0.00169,,,,,,,0.00170,0.00169,0.00169,0.00170,0.00170,0.00170,,
2026-04-20 05:15:40,0.000859,0.00167,0.00169,,,,,,,0.00164,0.00167,0.00168,0.00164,0.00167,0.00164,,
2026-04-20 05:15:45,0.000834,0.00163,0.00163,,,,,,,0.00157,0.00162,0.00161,0.00158,0.00161,0.00158,,
2026-04-20 05:15:50,0.000783,0.00155,0.00156,,,,,,,0.00145,0.00154,0.00155,0.00146,0.00151,0.00147,,
2026-04-20 05:15:55,0.000807,0.00148,0.00147,,,,,,,0.00143,0.00146,0.00148,0.00143,0.00144,0.00144,,
2026-04-20 05:16:00,0.000777,0.00148,0.00140,,,,,,,0.00144,0.00146,0.00145,0.00151,0.00149,0.00142,,
2026-04-20 05:16:05,NaN,NaN,0.00119,,,,,,,NaN,0.00115,0.00116,NaN,NaN,NaN,,
2026-04-20 05:16:10,NaN,NaN,NaN,,,,,,,NaN,NaN,NaN,NaN,NaN,NaN,,
2026-04-20 05:16:15,NaN,NaN,NaN,,,,,,,NaN,NaN,NaN,NaN,NaN,NaN,,
2026-04-20 05:16:20,NaN,NaN,NaN,,,,,,,NaN,NaN,NaN,NaN,NaN,NaN,,
2026-04-20 05:16:25,0.000781,NaN,NaN,,,,,,,0.00139,NaN,NaN,0.00158,0.00197,0.00152,,
2026-04-20 05:16:30,0.000764,0.00144,0.00144,,,,,,,0.00141,0.00144,0.00149,0.00144,0.00145,0.00143,,
2026-04-20 05:16:35,0.000777,0.00143,0.00141,,,,,,,0.00142,0.00141,0.00140,0.00145,0.00141,0.00143,,
2026-04-20 05:16:40,0.000804,0.00147,0.00143,,,,,,,0.00143,0.00145,0.00146,0.00145,0.00144,0.00143,,
2026-04-20 05:16:45,0.000828,0.00148,0.00144,,,,,,,0.00149,0.00146,0.00146,0.00149,0.00146,0.00148,,
2026-04-20 05:16:50,0.000850,0.00153,0.00151,,,,,,,0.00159,0.00152,0.00153,0.00154,0.00153,0.00155,,
2026-04-20 05:16:55,0.000848,0.00157,0.00157,,,,,,,0.00162,0.00161,0.00157,0.00158,0.00159,0.00159,,
2026-04-20 05:17:00,0.000856,0.00158,0.00160,,,,,,,0.00164,0.00162,0.00160,0.00160,0.00162,0.00160,,
2026-04-20 05:17:05,0.000844,0.00159,0.00161,,,,,,,0.00161,0.00162,0.00161,0.00161,0.00162,0.00159,,
2026-04-20 05:17:10,0.000857,0.00160,0.00161,,,,,,,0.00162,0.00160,0.00162,0.00162,0.00162,0.00160,,
2026-04-20 05:17:15,0.000856,0.00161,0.00162,,,,,,,0.00161,0.00162,0.00163,0.00163,0.00163,0.00159,,
2026-04-20 05:17:20,0.000870,0.00162,0.00162,,,,,,,0.00162,0.00162,0.00162,0.00162,0.00164,0.00160,,
2026-04-20 05:17:25,0.000874,0.00162,0.00163,,,,,,,0.00162,0.00163,0.00164,0.00163,0.00163,0.00162,,
2026-04-20 05:17:30,0.000887,0.00165,0.00162,,,,,,,0.00164,0.00163,0.00163,0.00164,0.00165,0.00164,,
2026-04-20 05:17:35,0.000897,0.00166,0.00164,,,,,,,0.00166,0.00166,0.00166,0.00167,0.00167,0.00166,,
2026-04-20 05:17:40,0.000916,0.00168,0.00167,,,,,,,0.00166,0.00166,0.00164,0.00167,0.00170,0.00166,,
2026-04-20 05:17:45,0.000914,0.00168,0.00167,,,,,,,0.00167,0.00165,0.00165,0.00167,0.00170,0.00166,,
2026-04-20 05:17:50,0.000914,0.00169,0.00167,,,,,,,0.00166,0.00165,0.00165,0.00164,0.00169,0.00165,,
2026-04-20 05:17:55,0.000905,0.00168,0.00165,,,,,,,0.00165,0.00164,0.00165,0.00165,0.00167,0.00163,,
2026-04-20 05:18:00,0.000920,0.00167,0.00166,,,,,,,0.00166,0.00165,0.00164,0.00166,0.00167,0.00167,,
2026-04-20 05:18:05,0.000934,0.00168,0.00170,,,,,,,0.00171,0.00168,0.00168,0.00169,0.00170,0.00171,,
2026-04-20 05:18:10,0.000943,0.00171,0.00173,,,,,,,0.00175,0.00173,0.00173,0.00172,0.00173,0.00176,,
2026-04-20 05:18:15,0.000950,0.00174,0.00175,,,,,,,0.00177,0.00176,0.00176,0.00175,0.00176,0.00176,,
2026-04-20 05:18:20,0.000964,0.00176,0.00175,,,,,,,0.00175,0.00177,0.00176,0.00176,0.00176,0.00178,,
2026-04-20 05:18:25,0.000966,0.00176,0.00176,,,,,,,0.00175,0.00177,0.00176,0.00175,0.00177,0.00176,,
2026-04-20 05:18:30,0.000981,0.00174,0.00175,,,,,,,0.00173,0.00175,0.00175,0.00174,0.00175,0.00176,,
2026-04-20 05:18:35,0.00104,0.00176,0.00176,,,,,,,0.00175,0.00176,0.00175,0.00180,0.00179,0.00181,,
2026-04-20 05:18:40,0.00113,0.00177,0.00179,,,,,,,0.00182,0.00178,0.00179,0.00186,0.00181,0.00185,,
2026-04-20 05:18:45,0.00129,0.00188,0.00189,,,,,,,0.00199,0.00189,0.00190,0.00197,0.00192,0.00199,,
2026-04-20 05:18:50,0.00175,0.00209,0.00202,,,,,,,0.00219,0.00206,0.00201,0.00214,0.00210,0.00221,,
2026-04-20 05:18:55,0.00224,0.00238,0.00232,,,,,,,0.00241,0.00232,0.00230,0.00238,0.00234,0.00246,,
2026-04-20 05:19:00,0.00252,0.00265,0.00253,,,,,,,0.00257,0.00260,0.00251,0.00257,0.00258,0.00261,,
2026-04-20 05:19:05,0.00254,0.00274,0.00271,,,,,,,0.00264,0.00272,0.00269,0.00264,0.00267,0.00264,,
2026-04-20 05:19:10,0.00240,0.00273,0.00267,,,,,,,0.00263,0.00270,0.00264,0.00263,0.00266,0.00261,,
2026-04-20 05:19:15,0.00247,0.00269,0.00260,,,,,,,0.00256,0.00259,0.00260,0.00259,0.00258,0.00258,,
2026-04-20 05:19:20,0.00244,0.00268,0.00258,,,,,,,0.00264,0.00257,0.00257,0.00258,0.00255,0.00259,,
2026-04-20 05:19:25,0.00249,0.00266,0.00258,,,,,,,0.00263,0.00261,0.00258,0.00256,0.00258,0.00260,,
2026-04-20 05:19:30,0.00241,0.00268,0.00269,,,,,,,0.00268,0.00266,0.00264,0.00259,0.00264,0.00259,,
2026-04-20 05:19:35,0.00243,0.00267,0.00267,,,,,,,0.00259,0.00263,0.00263,0.00257,0.00264,0.00264,,
2026-04-20 05:19:40,0.00246,0.00273,0.00271,,,,,,,0.00263,0.00262,0.00267,0.00266,0.00266,0.00272,,
2026-04-20 05:19:45,0.00253,0.00269,0.00262,,,,,,,0.00261,0.00257,0.00260,0.00264,0.00263,0.00276,,
2026-04-20 05:19:50,0.00250,0.00268,0.00267,,,,,,,0.00263,0.00258,0.00265,0.00262,0.00259,0.00268,,
2026-04-20 05:19:55,0.00244,0.00262,0.00260,,,,,,,0.00261,0.00257,0.00255,0.00256,0.00254,0.00260,,
2026-04-20 05:20:00,0.00241,0.00268,0.00269,,,,,,,0.00263,0.00260,0.00264,0.00258,0.00257,0.00260,,
2026-04-20 05:20:05,0.00243,0.00269,0.00264,,,,,,,0.00264,0.00261,0.00260,0.00261,0.00260,0.00262,,
2026-04-20 05:20:10,0.00253,0.00278,0.00272,,,,,,,0.00269,0.00263,0.00268,0.00267,0.00266,0.00270,,
2026-04-20 05:20:15,0.00249,0.00273,0.00264,,,,,,,0.00265,0.00261,0.00268,0.00264,0.00260,0.00266,,
2026-04-20 05:20:20,0.00256,0.00276,0.00263,,,,,,,0.00269,0.00262,0.00268,0.00271,0.00265,0.00272,,
2026-04-20 05:20:25,0.00247,0.00268,0.00258,,,,,,,0.00261,0.00260,0.00266,0.00264,0.00258,0.00265,,
2026-04-20 05:20:30,0.00252,0.00266,0.00260,,,,,,,0.00268,0.00265,0.00260,0.00274,0.00264,0.00269,,
2026-04-20 05:20:35,0.00243,0.00262,0.00265,,,,,,,0.00262,0.00266,0.00263,0.00268,0.00259,0.00263,,
2026-04-20 05:20:40,0.00248,0.00267,0.00264,,,,,,,0.00273,0.00268,0.00262,0.00275,0.00267,0.00266,,
2026-04-20 05:20:45,0.00239,0.00266,0.00264,,,,,,,0.00269,0.00265,0.00267,0.00270,0.00262,0.00260,,
2026-04-20 05:20:50,0.00247,0.00271,0.00262,,,,,,,0.00275,0.00262,0.00262,0.00274,0.00265,0.00264,,
2026-04-20 05:20:55,0.00238,0.00266,0.00265,,,,,,,0.00266,0.00266,0.00269,0.00264,0.00259,0.00262,,
2026-04-20 05:21:00,0.00246,0.00267,0.00257,,,,,,,0.00268,0.00263,0.00263,0.00263,0.00263,0.00268,,
2026-04-20 05:21:05,0.00236,0.00270,0.00256,,,,,,,0.00264,0.00269,0.00269,0.00262,0.00260,0.00268,,
2026-04-20 05:21:10,0.00250,0.00274,0.00255,,,,,,,0.00266,0.00262,0.00263,0.00272,0.00258,0.00268,,
2026-04-20 05:21:15,0.00253,0.00281,0.00265,,,,,,,0.00266,0.00265,0.00269,0.00269,0.00263,0.00268,,
2026-04-20 05:21:20,0.00265,0.00283,0.00269,,,,,,,0.00269,0.00263,0.00269,0.00273,0.00266,0.00272,,
2026-04-20 05:21:25,0.00251,0.00285,0.00270,,,,,,,0.00271,0.00266,0.00273,0.00273,0.00273,0.00269,,
2026-04-20 05:21:30,0.00201,0.00248,0.00257,,,,,,,0.00245,0.00250,0.00259,0.00249,0.00243,0.00239,,
2026-04-20 05:21:35,0.00157,0.00218,0.00235,,,,,,,0.00224,0.00229,0.00238,0.00222,0.00221,0.00212,,
2026-04-20 05:21:40,0.00113,0.00184,0.00205,,,,,,,0.00189,0.00197,0.00204,0.00185,0.00187,0.00185,,
2026-04-20 05:21:45,0.00110,0.00178,0.00183,,,,,,,0.00186,0.00183,0.00184,0.00181,0.00181,0.00182,,
2026-04-20 05:21:50,0.000883,0.00167,0.00168,,,,,,,0.00167,0.00166,0.00169,0.00166,0.00166,0.00167,,
2026-04-20 05:21:55,0.000953,0.00168,0.00165,,,,,,,0.00167,0.00165,0.00168,0.00166,0.00164,0.00167,,
2026-04-20 05:22:00,NaN,0.00348,0.00349,,,,,,,NaN,0.00348,0.00347,NaN,NaN,NaN,,
2026-04-20 05:22:05,NaN,NaN,NaN,,,,,,,NaN,NaN,NaN,NaN,NaN,NaN,,
2026-04-20 05:22:10,NaN,NaN,NaN,,,,,,,NaN,NaN,NaN,NaN,NaN,NaN,,
2026-04-20 05:22:15,NaN,NaN,NaN,,,,,,,NaN,NaN,NaN,NaN,NaN,NaN,,
2026-04-20 05:22:20,0.000871,NaN,NaN,,,,,,,0.00143,NaN,NaN,0.00154,NaN,0.00152,,
2026-04-20 05:22:25,0.00132,0.00184,0.00173,,,,,,,0.00195,0.00204,0.00172,0.00198,0.00190,0.00195,,
2026-04-20 05:22:30,0.00169,0.00214,0.00202,,,,,,,0.00217,0.00211,0.00194,0.00219,0.00215,0.00220,,
2026-04-20 05:22:35,0.00157,0.00216,0.00216,,,,,,,0.00211,0.00215,0.00213,0.00211,0.00211,0.00212,,
2026-04-20 05:22:40,0.00166,0.00220,0.00216,,,,,,,0.00213,0.00209,0.00212,0.00212,0.00215,0.00217,,
2026-04-20 05:22:45,0.00105,0.00208,0.00216,,,,,,,0.00188,0.00206,0.00219,0.00183,0.00197,0.00174,,
2026-04-20 05:22:50,0.00140,0.00171,0.00168,,,,,,,0.00158,0.00163,0.00175,0.00159,0.00175,0.00181,,
2026-04-20 05:22:55,NaN,NaN,0.00659,,,,,,,NaN,0.00659,0.00660,NaN,NaN,NaN,,
2026-04-20 05:23:00,NaN,NaN,NaN,,,,,,,NaN,NaN,NaN,NaN,NaN,NaN,,
2026-04-20 05:23:05,NaN,NaN,NaN,,,,,,,NaN,NaN,NaN,NaN,NaN,NaN,,
2026-04-20 05:23:10,NaN,NaN,NaN,,,,,,,NaN,NaN,NaN,NaN,NaN,NaN,,
2026-04-20 05:23:15,NaN,NaN,NaN,,,,,,,NaN,NaN,NaN,NaN,NaN,NaN,,
2026-04-20 05:23:20,NaN,NaN,NaN,,,,,,,NaN,NaN,NaN,NaN,NaN,NaN,,
2026-04-20 05:23:25,NaN,NaN,NaN,,,,,,,NaN,NaN,NaN,NaN,NaN,NaN,,
2026-04-20 05:23:30,NaN,NaN,NaN,,,,,,,NaN,NaN,NaN,NaN,NaN,NaN,,
2026-04-20 05:23:35,NaN,NaN,NaN,,,,,,,NaN,NaN,NaN,NaN,NaN,NaN,,
2026-04-20 05:23:40,NaN,NaN,NaN,,,,,,,NaN,NaN,NaN,NaN,NaN,NaN,,
2026-04-20 05:23:45,NaN,NaN,NaN,,,,,,,NaN,NaN,NaN,NaN,NaN,NaN,,
2026-04-20 05:23:50,NaN,NaN,NaN,,,,,,,NaN,NaN,NaN,NaN,NaN,NaN,,
2026-04-20 05:23:55,NaN,NaN,NaN,,,,,,,NaN,NaN,NaN,NaN,NaN,NaN,,
2026-04-20 05:24:00,NaN,NaN,NaN,,,,,,,NaN,NaN,NaN,NaN,NaN,NaN,,
2026-04-20 05:24:05,NaN,NaN,NaN,,,,,,,NaN,NaN,NaN,NaN,NaN,NaN,,
2026-04-20 05:24:10,NaN,NaN,NaN,,,,,,,NaN,NaN,NaN,NaN,NaN,NaN,,
2026-04-20 05:24:15,NaN,NaN,NaN,,,,,,,NaN,NaN,NaN,NaN,NaN,NaN,,
2026-04-20 05:24:20,NaN,NaN,NaN,,,,,,,NaN,NaN,NaN,NaN,NaN,NaN,,
2026-04-20 05:24:25,NaN,NaN,NaN,,,,,,,NaN,NaN,NaN,NaN,NaN,NaN,,
2026-04-20 05:24:30,NaN,NaN,NaN,,,,,,,NaN,NaN,NaN,NaN,NaN,NaN,,
2026-04-20 05:24:35,NaN,NaN,NaN,,,,,,,NaN,NaN,NaN,NaN,NaN,NaN,,
2026-04-20 05:24:40,NaN,NaN,NaN,,,,,,,NaN,NaN,NaN,NaN,NaN,NaN,,
2026-04-20 05:24:45,NaN,NaN,NaN,,,,,,,NaN,NaN,NaN,NaN,NaN,NaN,,
2026-04-20 05:24:50,NaN,NaN,NaN,,,,,,,NaN,NaN,NaN,NaN,NaN,NaN,,
2026-04-20 05:24:55,NaN,NaN,NaN,,,,,,,NaN,NaN,NaN,NaN,NaN,NaN,,
2026-04-20 05:25:00,NaN,NaN,NaN,,,,,,,NaN,NaN,NaN,NaN,NaN,NaN,,
2026-04-20 05:25:05,NaN,NaN,NaN,,,,,,,NaN,NaN,NaN,NaN,NaN,NaN,,
2026-04-20 05:25:10,NaN,NaN,NaN,,,,,,,NaN,NaN,NaN,NaN,NaN,NaN,,
2026-04-20 05:25:15,NaN,NaN,NaN,,,,,,,NaN,NaN,NaN,NaN,NaN,NaN,,
2026-04-20 05:25:20,NaN,NaN,NaN,,,,,,,NaN,NaN,NaN,NaN,NaN,NaN,,
2026-04-20 05:25:25,NaN,NaN,NaN,,,,,,,NaN,NaN,NaN,NaN,NaN,NaN,,
2026-04-20 05:25:30,NaN,NaN,NaN,,,,,,,NaN,NaN,NaN,NaN,NaN,NaN,,
2026-04-20 05:25:35,NaN,NaN,NaN,,,,,,,NaN,NaN,NaN,NaN,NaN,NaN,,
2026-04-20 05:25:40,NaN,NaN,NaN,,,,,,,NaN,NaN,NaN,NaN,NaN,NaN,,
2026-04-20 05:25:45,NaN,NaN,NaN,,,,,,,NaN,NaN,NaN,NaN,NaN,NaN,,
2026-04-20 05:25:50,NaN,NaN,NaN,,,,,,,NaN,NaN,NaN,NaN,NaN,NaN,,
2026-04-20 05:25:55,NaN,NaN,NaN,,,,,,,NaN,NaN,NaN,NaN,NaN,NaN,,
2026-04-20 05:26:00,NaN,NaN,NaN,,,,,,,NaN,NaN,NaN,NaN,NaN,NaN,,
2026-04-20 05:26:05,NaN,NaN,NaN,,,,,,,NaN,NaN,NaN,NaN,NaN,NaN,,
2026-04-20 05:26:10,NaN,NaN,NaN,,,,,,,NaN,NaN,NaN,NaN,NaN,NaN,,
2026-04-20 05:26:15,NaN,NaN,NaN,,,,,,,NaN,NaN,NaN,NaN,NaN,NaN,,
2026-04-20 05:26:20,NaN,NaN,NaN,,,,,,,NaN,NaN,NaN,NaN,NaN,NaN,,
2026-04-20 05:26:25,NaN,NaN,NaN,,,,,,,NaN,NaN,NaN,NaN,NaN,NaN,,
2026-04-20 05:26:30,NaN,NaN,NaN,,,,,,,NaN,NaN,NaN,NaN,NaN,NaN,,
2026-04-20 05:26:35,NaN,NaN,NaN,,,,,,,NaN,NaN,NaN,NaN,NaN,NaN,,
2026-04-20 05:26:40,NaN,NaN,NaN,,,,,,,NaN,NaN,NaN,NaN,NaN,NaN,,
2026-04-20 05:26:45,NaN,NaN,NaN,,,,,,,NaN,NaN,NaN,NaN,NaN,NaN,,
2026-04-20 05:26:50,NaN,NaN,NaN,,,,,,,NaN,NaN,NaN,NaN,NaN,NaN,,
2026-04-20 05:26:55,NaN,NaN,NaN,,,,,,,NaN,NaN,NaN,NaN,NaN,NaN,,
2026-04-20 05:27:00,NaN,NaN,NaN,,,,,,,NaN,NaN,NaN,NaN,NaN,NaN,,
2026-04-20 05:27:05,NaN,NaN,NaN,,,,,,,NaN,NaN,NaN,NaN,NaN,NaN,,
2026-04-20 05:27:10,NaN,NaN,NaN,,,,,,,NaN,NaN,NaN,NaN,NaN,NaN,,
2026-04-20 05:27:15,NaN,NaN,NaN,,,,,,,NaN,NaN,NaN,NaN,NaN,NaN,,
2026-04-20 05:27:20,NaN,NaN,NaN,,,,,,,NaN,NaN,NaN,NaN,NaN,NaN,,
2026-04-20 05:27:25,NaN,NaN,NaN,,,,,,,NaN,NaN,NaN,NaN,NaN,NaN,,
2026-04-20 05:27:30,NaN,NaN,NaN,,,,,,,NaN,NaN,NaN,NaN,NaN,NaN,,
2026-04-20 05:27:35,NaN,NaN,NaN,,,,,,,NaN,NaN,NaN,NaN,NaN,NaN,,
2026-04-20 05:27:40,NaN,NaN,NaN,,,,,,,NaN,NaN,NaN,NaN,NaN,NaN,,
2026-04-20 05:27:45,NaN,NaN,NaN,,,,,,,NaN,NaN,NaN,NaN,NaN,NaN,,
2026-04-20 05:27:50,NaN,NaN,NaN,,,,,,,NaN,NaN,NaN,NaN,NaN,NaN,,
2026-04-20 05:27:55,NaN,NaN,NaN,,,,,,,NaN,NaN,NaN,NaN,NaN,NaN,,
2026-04-20 05:28:00,NaN,NaN,NaN,,,,,,,NaN,NaN,NaN,NaN,NaN,NaN,,
2026-04-20 05:28:05,NaN,NaN,NaN,,,,,,,NaN,NaN,NaN,NaN,NaN,NaN,,
2026-04-20 05:28:10,NaN,NaN,NaN,,,,,,,NaN,NaN,NaN,NaN,NaN,NaN,,
2026-04-20 05:28:15,NaN,NaN,NaN,,,,,,,NaN,NaN,NaN,NaN,NaN,NaN,,
2026-04-20 05:28:20,NaN,NaN,NaN,,,,,,,NaN,NaN,NaN,NaN,NaN,NaN,,
2026-04-20 05:28:25,NaN,NaN,NaN,,,,,,,NaN,NaN,NaN,NaN,NaN,NaN,,
2026-04-20 05:28:30,NaN,NaN,NaN,,,,,,,NaN,NaN,NaN,NaN,NaN,NaN,,
2026-04-20 05:28:35,NaN,NaN,NaN,,,,,,,NaN,NaN,NaN,NaN,NaN,NaN,,
2026-04-20 05:28:40,NaN,NaN,NaN,,,,,,,NaN,NaN,NaN,NaN,NaN,NaN,,
2026-04-20 05:28:45,NaN,NaN,NaN,,,,,,,NaN,NaN,NaN,NaN,NaN,NaN,,
2026-04-20 05:28:50,NaN,NaN,NaN,,,,,,,NaN,NaN,NaN,NaN,NaN,NaN,,
2026-04-20 05:28:55,NaN,NaN,NaN,,,,,,,NaN,NaN,NaN,NaN,NaN,NaN,,
2026-04-20 05:29:00,NaN,NaN,NaN,,,,,,,NaN,NaN,NaN,NaN,NaN,NaN,,
2026-04-20 05:29:05,NaN,NaN,NaN,,,,,,,NaN,NaN,NaN,NaN,NaN,NaN,,
2026-04-20 05:29:10,NaN,NaN,NaN,,,,,,,NaN,NaN,NaN,NaN,NaN,NaN,,
2026-04-20 05:29:15,,,NaN,,,,,,,,,NaN,,,,,
2026-04-20 05:29:25,NaN,,,,,,,,,,,,,,NaN,,
2026-04-20 05:29:30,0.00144,NaN,NaN,NaN,0.00174,NaN,NaN,0.00164,NaN,NaN,NaN,NaN,NaN,NaN,0.00141,NaN,NaN
2026-04-20 05:29:35,0.00108,0.00171,0.00189,0.00126,0.00185,0.00148,0.00138,0.00166,0.00175,0.00148,0.00149,0.00137,0.00141,0.00164,0.00154,0.00198,0.00172
2026-04-20 05:29:40,0.00108,0.00178,0.00197,0.00145,0.00177,0.00150,0.00138,0.00160,0.00183,0.00149,0.00150,0.00191,0.00141,0.00164,0.00154,0.00211,0.00177
2026-04-20 05:29:45,0.000721,0.00178,0.00197,0.00145,0.00201,0.00150,0.00138,0.00168,0.00183,0.00149,0.00150,0.00191,0.00141,0.00164,0.00185,0.00211,0.00177
2026-04-20 05:29:50,NaN,NaN,NaN,0.00164,NaN,NaN,NaN,NaN,NaN,NaN,NaN,0.00244,NaN,NaN,NaN,NaN,NaN
2026-04-20 05:29:55,NaN,NaN,NaN,NaN,NaN,NaN,NaN,NaN,NaN,NaN,NaN,NaN,NaN,NaN,NaN,NaN,NaN
2026-04-20 05:30:00,NaN,NaN,NaN,NaN,NaN,NaN,NaN,NaN,NaN,NaN,NaN,NaN,NaN,NaN,NaN,NaN,NaN
2026-04-20 05:30:05,NaN,NaN,NaN,NaN,NaN,NaN,NaN,NaN,NaN,NaN,NaN,NaN,NaN,NaN,NaN,NaN,NaN
2026-04-20 05:30:10,NaN,NaN,NaN,NaN,NaN,NaN,NaN,NaN,NaN,NaN,NaN,NaN,NaN,NaN,NaN,NaN,NaN
2026-04-20 05:30:15,0.000768,0.00273,NaN,NaN,0.00228,0.00316,0.00395,0.00223,0.00277,0.00249,0.00186,NaN,0.00249,0.00249,0.00233,0.00237,0.00265
2026-04-20 05:30:20,0.000802,0.00226,0.00240,0.00220,0.00230,0.00199,0.00248,0.00213,0.00230,0.00214,0.00187,0.00220,0.00205,0.00211,0.00216,0.00198,0.00210
2026-04-20 05:30:25,0.000840,0.00220,0.00238,0.00216,0.00230,0.00195,0.00236,0.00214,0.00232,0.00211,0.00189,0.00231,0.00197,0.00217,0.00217,0.00214,0.00208
2026-04-20 05:30:30,0.000828,0.00233,0.00226,0.00220,0.00239,0.00202,0.00228,0.00225,0.00230,0.00212,0.00204,0.00230,0.00207,0.00220,0.00232,0.00222,0.00221
2026-04-20 05:30:35,0.000814,0.00240,0.00238,0.00220,0.00250,0.00221,0.00244,0.00230,0.00247,0.00219,0.00225,0.00231,0.00221,0.00229,0.00247,0.00242,0.00217
2026-04-20 05:30:40,0.000856,0.00249,0.00231,0.00218,0.00247,0.00225,0.00243,0.00224,0.00253,0.00221,0.00239,0.00222,0.00227,0.00228,0.00240,0.00236,0.00224
2026-04-20 05:30:45,0.000861,0.00242,0.00238,0.00214,0.00243,0.00223,0.00242,0.00211,0.00253,0.00223,0.00232,0.00223,0.00225,0.00232,0.00232,0.00230,0.00222
2026-04-20 05:30:50,0.000907,0.00241,0.00233,0.00219,0.00226,0.00218,0.00225,0.00209,0.00242,0.00216,0.00227,0.00216,0.00224,0.00229,0.00218,0.00223,0.00231
2026-04-20 05:30:55,0.000794,0.00232,0.00234,0.00222,0.00228,0.00227,0.00227,0.00216,0.00229,0.00222,0.00207,0.00212,0.00238,0.00223,0.00227,0.00224,0.00223
2026-04-20 05:31:00,0.000799,0.00240,0.00242,0.00243,0.00221,0.00230,0.00231,0.00231,0.00234,0.00227,0.00215,0.00226,0.00239,0.00202,0.00209,0.00230,0.00214
2026-04-20 05:31:05,0.000795,0.00245,0.00237,0.00237,0.00221,0.00233,0.00243,0.00231,0.00234,0.00230,0.00219,0.00244,0.00237,0.00204,0.00214,0.00234,0.00217
2026-04-20 05:31:10,0.000791,0.00244,0.00232,0.00233,0.00216,0.00219,0.00236,0.00230,0.00226,0.00214,0.00227,0.00254,0.00232,0.00210,0.00212,0.00233,0.00224
2026-04-20 05:31:15,0.000772,0.00232,0.00208,0.00212,0.00218,0.00216,0.00235,0.00204,0.00213,0.00205,0.00217,0.00229,0.00233,0.00225,0.00219,0.00231,0.00226
2026-04-20 05:31:20,0.000779,0.00236,0.00199,0.00201,0.00225,0.00211,0.00212,0.00194,0.00235,0.00212,0.00216,0.00217,0.00229,0.00226,0.00219,0.00221,0.00224
2026-04-20 05:31:25,0.000780,0.00229,0.00214,0.00203,0.00221,0.00211,0.00220,0.00192,0.00233,0.00225,0.00209,0.00233,0.00218,0.00207,0.00221,0.00207,0.00222
2026-04-20 05:31:30,0.000797,0.00232,0.00215,0.00191,0.00205,0.00209,0.00208,0.00199,0.00240,0.00231,0.00210,0.00232,0.00218,0.00195,0.00227,0.00199,0.00215
2026-04-20 05:31:35,0.000792,0.00176,0.00218,0.00188,0.00190,0.00197,0.00224,0.00205,0.00207,0.00217,0.00207,0.00252,0.00170,0.00149,0.00247,0.00178,0.00203
2026-04-20 05:31:40,NaN,NaN,0.00177,0.00161,NaN,0.00148,NaN,NaN,NaN,NaN,NaN,0.00141,NaN,NaN,NaN,NaN,NaN
2026-04-20 05:31:45,NaN,NaN,NaN,NaN,NaN,NaN,NaN,NaN,NaN,NaN,NaN,NaN,NaN,NaN,NaN,NaN,NaN
2026-04-20 05:31:50,NaN,NaN,NaN,NaN,NaN,NaN,NaN,NaN,NaN,NaN,NaN,NaN,NaN,NaN,NaN,NaN,NaN
2026-04-20 05:31:55,NaN,NaN,NaN,NaN,NaN,NaN,NaN,NaN,NaN,NaN,NaN,NaN,NaN,NaN,NaN,NaN,NaN
2026-04-20 05:32:00,NaN,NaN,NaN,NaN,NaN,NaN,NaN,NaN,NaN,NaN,NaN,NaN,NaN,NaN,NaN,NaN,NaN
2026-04-20 05:32:05,0.000785,0.00242,0.00256,0.00225,0.00228,0.00259,0.00220,0.00205,0.00231,0.00232,0.00237,0.00230,0.00224,0.00218,0.00217,0.00228,0.00214
2026-04-20 05:32:10,0.000792,0.00225,0.00233,0.00223,0.00220,0.00223,0.00222,0.00215,0.00221,0.00227,0.00223,0.00226,0.00223,0.00218,0.00220,0.00220,0.00216
2026-04-20 05:32:15,0.000789,0.00223,0.00226,0.00215,0.00221,0.00217,0.00222,0.00219,0.00217,0.00225,0.00222,0.00218,0.00224,0.00217,0.00221,0.00223,0.00220
2026-04-20 05:32:20,0.000792,0.00218,0.00226,0.00219,0.00219,0.00215,0.00222,0.00225,0.00222,0.00224,0.00223,0.00217,0.00224,0.00219,0.00223,0.00225,0.00223
2026-04-20 05:32:25,0.000792,0.00224,0.00224,0.00218,0.00221,0.00219,0.00221,0.00224,0.00223,0.00226,0.00228,0.00218,0.00222,0.00218,0.00225,0.00226,0.00226
2026-04-20 05:32:30,0.000800,0.00228,0.00225,0.00223,0.00222,0.00223,0.00222,0.00224,0.00223,0.00226,0.00232,0.00221,0.00218,0.00221,0.00225,0.00224,0.00222
2026-04-20 05:32:35,0.00131,0.00238,0.00226,0.00218,0.00227,0.00222,0.00226,0.00226,0.00217,0.00226,0.00233,0.00229,0.00226,0.00220,0.00231,0.00220,0.00226
2026-04-20 05:32:40,0.00168,0.00249,0.00243,0.00230,0.00238,0.00233,0.00244,0.00237,0.00230,0.00231,0.00249,0.00238,0.00236,0.00234,0.00246,0.00231,0.00240
2026-04-20 05:32:45,0.00169,0.00246,0.00244,0.00237,0.00240,0.00234,0.00247,0.00238,0.00235,0.00237,0.00237,0.00241,0.00244,0.00239,0.00249,0.00237,0.00247
2026-04-20 05:32:50,0.00110,0.00237,0.00238,0.00239,0.00227,0.00232,0.00239,0.00230,0.00233,0.00235,0.00233,0.00234,0.00233,0.00238,0.00241,0.00239,0.00235
2026-04-20 05:32:55,0.000806,0.00229,0.00221,0.00227,0.00218,0.00221,0.00226,0.00218,0.00224,0.00229,0.00213,0.00224,0.00227,0.00226,0.00227,0.00227,0.00225
2026-04-20 05:33:00,0.000791,0.00233,0.00226,0.00223,0.00219,0.00217,0.00220,0.00217,0.00224,0.00221,0.00217,0.00223,0.00226,0.00222,0.00227,0.00221,0.00221
2026-04-20 05:33:05,0.000825,0.00236,0.00227,0.00224,0.00226,0.00218,0.00227,0.00222,0.00229,0.00222,0.00215,0.00218,0.00231,0.00224,0.00226,0.00221,0.00224
2026-04-20 05:33:10,0.000847,0.00241,0.00231,0.00222,0.00230,0.00218,0.00229,0.00231,0.00229,0.00222,0.00220,0.00217,0.00235,0.00232,0.00230,0.00225,0.00223
2026-04-20 05:33:15,0.000949,0.00245,0.00226,0.00217,0.00230,0.00225,0.00243,0.00242,0.00230,0.00234,0.00224,0.00214,0.00240,0.00242,0.00226,0.00231,0.00224
2026-04-20 05:33:20,0.000798,0.00260,0.00235,0.00203,0.00247,0.00231,0.00240,0.00251,0.00218,0.00232,0.00227,0.00216,0.00241,0.00266,0.00234,0.00228,0.00235
2026-04-20 05:33:25,NaN,0.00220,0.00216,0.00157,NaN,0.00247,0.00216,NaN,0.00159,NaN,0.00240,0.00210,NaN,0.00218,NaN,0.00144,0.00224
2026-04-20 05:33:30,NaN,NaN,NaN,NaN,NaN,NaN,NaN,NaN,NaN,NaN,NaN,NaN,NaN,NaN,NaN,NaN,NaN
2026-04-20 05:33:35,NaN,NaN,NaN,NaN,NaN,NaN,NaN,NaN,NaN,NaN,NaN,NaN,NaN,NaN,NaN,NaN,NaN
2026-04-20 05:33:40,NaN,NaN,NaN,NaN,NaN,NaN,NaN,NaN,NaN,NaN,NaN,NaN,NaN,NaN,NaN,NaN,NaN
2026-04-20 05:33:45,NaN,NaN,NaN,NaN,NaN,NaN,NaN,NaN,NaN,NaN,NaN,NaN,NaN,NaN,NaN,NaN,NaN
2026-04-20 05:33:50,NaN,NaN,NaN,NaN,NaN,NaN,NaN,NaN,NaN,NaN,NaN,NaN,NaN,NaN,NaN,NaN,NaN
2026-04-20 05:33:55,NaN,NaN,NaN,NaN,NaN,NaN,NaN,NaN,NaN,NaN,NaN,NaN,NaN,NaN,NaN,NaN,NaN
2026-04-20 05:34:00,NaN,NaN,NaN,NaN,NaN,NaN,NaN,NaN,NaN,NaN,NaN,NaN,NaN,NaN,NaN,NaN,NaN
2026-04-20 05:34:05,NaN,NaN,NaN,NaN,NaN,NaN,NaN,NaN,NaN,NaN,NaN,NaN,NaN,NaN,NaN,NaN,NaN
2026-04-20 05:34:10,NaN,NaN,NaN,NaN,NaN,NaN,NaN,NaN,NaN,NaN,NaN,NaN,NaN,NaN,NaN,NaN,NaN
2026-04-20 05:34:15,0.000784,0.00227,0.00174,0.00164,0.00223,0.00217,0.00222,0.00228,0.00235,0.00230,0.00218,0.00251,0.00212,0.00211,0.00219,0.00230,0.00213
2026-04-20 05:34:20,0.000785,0.00229,0.00207,0.00219,0.00220,0.00205,0.00223,0.00229,0.00227,0.00220,0.00227,0.00225,0.00221,0.00224,0.00210,0.00229,0.00218
2026-04-20 05:34:25,0.000822,0.00232,0.00213,0.00221,0.00220,0.00217,0.00231,0.00227,0.00230,0.00225,0.00233,0.00225,0.00221,0.00228,0.00218,0.00229,0.00223
2026-04-20 05:34:30,0.000820,0.00230,0.00225,0.00220,0.00230,0.00223,0.00231,0.00223,0.00227,0.00230,0.00230,0.00224,0.00227,0.00230,0.00222,0.00228,0.00227
2026-04-20 05:34:35,0.000878,0.00231,0.00230,0.00224,0.00235,0.00234,0.00238,0.00236,0.00235,0.00242,0.00232,0.00227,0.00234,0.00236,0.00233,0.00237,0.00235
2026-04-20 05:34:40,0.000935,0.00233,0.00241,0.00233,0.00246,0.00244,0.00239,0.00246,0.00240,0.00249,0.00239,0.00240,0.00243,0.00237,0.00240,0.00243,0.00244
2026-04-20 05:34:45,0.000957,0.00238,0.00244,0.00241,0.00240,0.00249,0.00242,0.00251,0.00244,0.00246,0.00245,0.00246,0.00244,0.00240,0.00238,0.00248,0.00248
2026-04-20 05:34:50,0.000941,0.00236,0.00242,0.00240,0.00238,0.00244,0.00237,0.00245,0.00239,0.00238,0.00242,0.00245,0.00240,0.00239,0.00236,0.00243,0.00244
2026-04-20 05:34:55,0.000874,0.00233,0.00234,0.00241,0.00229,0.00243,0.00236,0.00238,0.00237,0.00230,0.00238,0.00235,0.00235,0.00237,0.00230,0.00239,0.00239
2026-04-20 05:35:00,0.000850,0.00227,0.00228,0.00234,0.00230,0.00240,0.00234,0.00233,0.00233,0.00229,0.00230,0.00228,0.00233,0.00235,0.00235,0.00233,0.00233
2026-04-20 05:35:05,0.000806,0.00227,0.00227,0.00235,0.00223,0.00243,0.00230,0.00226,0.00230,0.00226,0.00232,0.00226,0.00231,0.00226,0.00227,0.00232,0.00228
2026-04-20 05:35:10,0.000791,0.00222,0.00223,0.00225,0.00219,0.00228,0.00221,0.00218,0.00223,0.00216,0.00224,0.00221,0.00223,0.00220,0.00225,0.00225,0.00220
2026-04-20 05:35:15,0.000780,0.00227,0.00220,0.00224,0.00210,0.00216,0.00209,0.00215,0.00220,0.00215,0.00223,0.00219,0.00218,0.00217,0.00215,0.00218,0.00216
2026-04-20 05:35:20,0.000788,0.00230,0.00222,0.00220,0.00215,0.00206,0.00209,0.00221,0.00222,0.00216,0.00219,0.00214,0.00219,0.00220,0.00223,0.00216,0.00219
2026-04-20 05:35:25,0.000780,0.00236,0.00220,0.00223,0.00209,0.00209,0.00209,0.00218,0.00220,0.00223,0.00219,0.00216,0.00220,0.00224,0.00218,0.00218,0.00220
2026-04-20 05:35:30,0.000807,0.00230,0.00216,0.00218,0.00217,0.00201,0.00211,0.00229,0.00221,0.00217,0.00214,0.00214,0.00214,0.00209,0.00240,0.00225,0.00216
2026-04-20 05:35:35,NaN,0.00272,0.00203,0.00217,NaN,0.00241,0.00262,NaN,0.00352,0.00256,0.00325,0.00248,NaN,0.00237,NaN,0.00270,0.00264
2026-04-20 05:35:40,NaN,NaN,NaN,NaN,NaN,NaN,NaN,NaN,NaN,NaN,NaN,NaN,NaN,NaN,NaN,NaN,NaN
2026-04-20 05:35:45,NaN,NaN,NaN,NaN,NaN,NaN,NaN,NaN,NaN,NaN,NaN,NaN,NaN,NaN,NaN,NaN,NaN
2026-04-20 05:35:50,NaN,NaN,NaN,NaN,NaN,NaN,NaN,NaN,NaN,NaN,NaN,NaN,NaN,NaN,NaN,NaN,NaN
2026-04-20 05:35:55,NaN,NaN,NaN,NaN,NaN,NaN,NaN,NaN,NaN,NaN,NaN,NaN,NaN,NaN,NaN,NaN,NaN
2026-04-20 05:36:00,0.000802,0.00204,NaN,NaN,0.00207,NaN,0.00216,0.00242,NaN,0.00214,NaN,NaN,0.00216,0.00191,0.00217,NaN,0.00223
2026-04-20 05:36:05,0.000816,0.00231,0.00211,0.00228,0.00216,0.00220,0.00219,0.00231,0.00223,0.00224,0.00221,0.00217,0.00213,0.00220,0.00227,0.00223,0.00229
2026-04-20 05:36:10,0.000805,0.00223,0.00220,0.00225,0.00212,0.00224,0.00220,0.00232,0.00214,0.00223,0.00215,0.00227,0.00224,0.00223,0.00225,0.00222,0.00229
2026-04-20 05:36:15,0.000807,0.00226,0.00223,0.00223,0.00214,0.00220,0.00222,0.00225,0.00222,0.00224,0.00223,0.00224,0.00220,0.00222,0.00224,0.00220,0.00225
2026-04-20 05:36:20,0.000800,0.00218,0.00222,0.00220,0.00213,0.00218,0.00218,0.00222,0.00221,0.00220,0.00221,0.00224,0.00223,0.00218,0.00222,0.00216,0.00221
2026-04-20 05:36:25,0.000803,0.00222,0.00220,0.00217,0.00218,0.00214,0.00217,0.00215,0.00225,0.00218,0.00222,0.00221,0.00217,0.00214,0.00219,0.00215,0.00218
2026-04-20 05:36:30,0.000798,0.00218,0.00219,0.00219,0.00224,0.00218,0.00216,0.00219,0.00219,0.00218,0.00218,0.00219,0.00222,0.00221,0.00221,0.00216,0.00223
2026-04-20 05:36:35,0.000822,0.00226,0.00225,0.00226,0.00229,0.00226,0.00227,0.00226,0.00224,0.00225,0.00226,0.00223,0.00228,0.00227,0.00230,0.00220,0.00232
2026-04-20 05:36:40,0.000858,0.00234,0.00235,0.00240,0.00236,0.00233,0.00236,0.00234,0.00235,0.00232,0.00234,0.00234,0.00235,0.00238,0.00234,0.00227,0.00243
2026-04-20 05:36:45,0.000957,0.00239,0.00238,0.00243,0.00238,0.00237,0.00238,0.00239,0.00239,0.00241,0.00238,0.00240,0.00239,0.00242,0.00242,0.00232,0.00243
2026-04-20 05:36:50,0.00114,0.00242,0.00245,0.00247,0.00249,0.00241,0.00241,0.00247,0.00246,0.00252,0.00241,0.00243,0.00247,0.00253,0.00249,0.00242,0.00244
2026-04-20 05:36:55,0.00116,0.00251,0.00253,0.00247,0.00259,0.00251,0.00250,0.00251,0.00251,0.00263,0.00247,0.00249,0.00252,0.00254,0.00263,0.00251,0.00253
2026-04-20 05:37:00,0.00114,0.00253,0.00259,0.00251,0.00266,0.00256,0.00256,0.00259,0.00257,0.00266,0.00254,0.00259,0.00257,0.00251,0.00266,0.00260,0.00258
2026-04-20 05:37:05,0.00102,0.00257,0.00260,0.00257,0.00263,0.00259,0.00258,0.00255,0.00259,0.00261,0.00254,0.00262,0.00258,0.00253,0.00260,0.00261,0.00260
2026-04-20 05:37:10,0.00111,0.00253,0.00254,0.00259,0.00259,0.00255,0.00260,0.00259,0.00259,0.00261,0.00256,0.00262,0.00260,0.00249,0.00266,0.00264,0.00257
2026-04-20 05:37:15,0.00113,0.00249,0.00260,0.00265,0.00256,0.00255,0.00261,0.00256,0.00265,0.00259,0.00261,0.00261,0.00261,0.00254,0.00267,0.00257,0.00256
2026-04-20 05:37:20,0.00116,0.00250,0.00255,0.00261,0.00255,0.00256,0.00260,0.00262,0.00264,0.00260,0.00263,0.00258,0.00258,0.00254,0.00270,0.00256,0.00259
2026-04-20 05:37:25,0.00120,0.00245,0.00260,0.00259,0.00258,0.00261,0.00256,0.00266,0.00262,0.00258,0.00262,0.00258,0.00257,0.00258,0.00259,0.00255,0.00257
2026-04-20 05:37:30,0.00145,0.00266,0.00265,0.00266,0.00271,0.00273,0.00271,0.00287,0.00265,0.00266,0.00276,0.00265,0.00274,0.00277,0.00269,0.00267,0.00271
2026-04-20 05:37:35,0.00155,0.00268,0.00274,0.00268,0.00274,0.00277,0.00278,0.00289,0.00274,0.00267,0.00288,0.00273,0.00280,0.00285,0.00272,0.00275,0.00280
2026-04-20 05:37:40,0.00166,0.00280,0.00278,0.00274,0.00272,0.00278,0.00283,0.00289,0.00281,0.00276,0.00290,0.00275,0.00281,0.00289,0.00275,0.00280,0.00284
2026-04-20 05:37:45,0.00169,0.00282,0.00271,0.00268,0.00270,0.00270,0.00282,0.00281,0.00274,0.00282,0.00282,0.00275,0.00273,0.00285,0.00272,0.00278,0.00284
2026-04-20 05:37:50,0.00166,0.00292,0.00272,0.00280,0.00272,0.00274,0.00283,0.00279,0.00286,0.00288,0.00290,0.00287,0.00279,0.00285,0.00272,0.00281,0.00277
2026-04-20 05:37:55,0.00165,0.00290,0.00274,0.00287,0.00274,0.00276,0.00283,0.00283,0.00285,0.00280,0.00291,0.00286,0.00280,0.00289,0.00277,0.00283,0.00275
2026-04-20 05:38:00,0.00187,0.00293,0.00279,0.00292,0.00283,0.00289,0.00289,0.00294,0.00305,0.00288,0.00305,0.00284,0.00290,0.00297,0.00295,0.00293,0.00284
2026-04-20 05:38:05,0.00255,0.00309,0.00307,0.00311,0.00311,0.00302,0.00312,0.00330,0.00309,0.00302,0.00304,0.00304,0.00317,0.00307,0.00325,0.00297,0.00305
2026-04-20 05:38:10,0.00385,0.00354,0.00333,0.00336,0.00367,0.00328,0.00351,0.00386,0.00350,0.00352,0.00346,0.00331,0.00376,0.00349,0.00371,0.00339,0.00358
2026-04-20 05:38:15,0.00477,0.00420,0.00400,0.00389,0.00412,0.00383,0.00389,0.00422,0.00396,0.00392,0.00370,0.00379,0.00422,0.00403,0.00400,0.00403,0.00392
2026-04-20 05:38:20,0.00570,0.00514,0.00444,0.00418,0.00457,0.00437,0.00437,0.00448,0.00440,0.00443,0.00419,0.00403,0.00434,0.00452,0.00431,0.00462,0.00441
2026-04-20 05:38:25,0.00511,0.00450,0.00464,0.00444,0.00437,0.00453,0.00426,0.00417,0.00448,0.00431,0.00413,0.00433,0.00406,0.00435,0.00409,0.00451,0.00426
2026-04-20 05:38:30,0.00446,0.00398,0.00421,0.00409,0.00418,0.00410,0.00410,0.00384,0.00416,0.00408,0.00400,0.00417,0.00378,0.00394,0.00377,0.00407,0.00403
2026-04-20 05:38:35,0.00374,0.00344,0.00368,0.00372,0.00385,0.00357,0.00367,0.00360,0.00368,0.00362,0.00359,0.00378,0.00384,0.00347,0.00361,0.00361,0.00369
2026-04-20 05:38:40,0.00469,0.00382,0.00369,0.00376,0.00406,0.00369,0.00403,0.00378,0.00363,0.00391,0.00385,0.00377,0.00421,0.00386,0.00412,0.00385,0.00393
2026-04-20 05:38:45,0.00513,0.00398,0.00393,0.00423,0.00412,0.00392,0.00423,0.00388,0.00389,0.00402,0.00399,0.00409,0.00428,0.00401,0.00434,0.00401,0.00404
2026-04-20 05:38:50,0.00619,0.00397,0.00409,0.00439,0.00455,0.00411,0.00466,0.00411,0.00428,0.00443,0.00434,0.00434,0.00459,0.00439,0.00470,0.00426,0.00446
2026-04-20 05:38:55,0.00645,0.00403,0.00432,0.00448,0.00497,0.00422,0.00477,0.00460,0.00484,0.00461,0.00467,0.00451,0.00553,0.00467,0.00484,0.00475,0.00480
2026-04-20 05:39:00,0.00666,0.00433,0.00467,0.00476,0.00528,0.00447,0.00506,0.00497,0.00491,0.00484,0.00497,0.00457,0.00576,0.00491,0.00511,0.00539,0.00509
2026-04-20 05:39:05,0.00616,0.00534,0.00501,0.00497,0.00537,0.00465,0.00507,0.00495,0.00496,0.00490,0.00493,0.00483,0.00564,0.00511,0.00483,0.00549,0.00506
2026-04-20 05:39:10,0.00560,0.00318,0.00479,0.00503,0.00460,0.00458,0.00486,0.00454,0.00435,0.00466,0.00427,0.00469,0.00446,0.00469,0.00448,0.00502,0.00468
2026-04-20 05:39:15,0.00700,0.00199,0.00461,0.00462,0.00455,0.00444,0.00480,0.00446,0.00423,0.00465,0.00416,0.00452,0.00439,0.00480,0.00462,0.00457,0.00473
2026-04-20 05:39:20,0.00642,0.00197,0.00483,0.00474,0.00418,0.00458,0.00507,0.00437,0.00442,0.00489,0.00439,0.00478,0.00444,0.00474,0.00464,0.00471,0.00473
2026-04-20 05:39:25,0.00670,0.00217,0.00529,0.00474,0.00501,0.00490,0.00543,0.00489,0.00492,0.00502,0.00515,0.00482,0.00484,0.00504,0.00548,0.00495,0.00495
2026-04-20 05:39:30,0.00597,0.00655,0.00570,0.00485,0.00499,0.00509,0.00523,0.00495,0.00568,0.00487,0.00522,0.00519,0.00487,0.00500,0.00521,0.00515,0.00491
2026-04-20 05:39:35,0.00623,0.00610,0.00563,0.00480,0.00525,0.00512,0.00512,0.00514,0.00558,0.00478,0.00514,0.00515,0.00482,0.00485,0.00523,0.00493,0.00492
2026-04-20 05:39:40,0.00564,0.00579,0.00545,0.00461,0.00483,0.00503,0.00479,0.00489,0.00550,0.00461,0.00492,0.00517,0.00492,0.00462,0.00448,0.00463,0.00487
2026-04-20 05:39:45,0.00524,0.00504,0.00492,0.00445,0.00438,0.00463,0.00470,0.00447,0.00474,0.00462,0.00443,0.00494,0.00488,0.00438,0.00419,0.00431,0.00475
2026-04-20 05:39:50,0.00645,0.00229,0.00426,0.00422,0.00405,0.00416,0.00427,0.00441,0.00419,0.00436,0.00408,0.00447,0.00488,0.00421,0.00437,0.00403,0.00459
2026-04-20 05:39:55,0.00670,0.00203,0.00423,0.00454,0.00434,0.00424,0.00467,0.00471,0.00471,0.00502,0.00423,0.00465,0.00513,0.00445,0.00485,0.00441,0.00509
2026-04-20 05:40:00,0.00670,0.00189,0.00437,0.00481,0.00490,0.00458,0.00513,0.00528,0.00487,0.00531,0.00481,0.00468,0.00510,0.00481,0.00506,0.00465,0.00511
2026-04-20 05:40:05,0.00636,0.00647,0.00473,0.00503,0.00498,0.00492,0.00520,0.00509,0.00498,0.00533,0.00530,0.00492,0.00493,0.00506,0.00495,0.00513,0.00513
2026-04-20 05:40:10,0.00656,0.00626,0.00467,0.00468,0.00492,0.00477,0.00500,0.00479,0.00457,0.00523,0.00524,0.00481,0.00447,0.00510,0.00487,0.00533,0.00493
2026-04-20 05:40:15,0.00637,0.00583,0.00473,0.00472,0.00493,0.00482,0.00479,0.00464,0.00462,0.00528,0.00524,0.00475,0.00448,0.00509,0.00518,0.00540,0.00523
2026-04-20 05:40:20,0.00630,0.00564,0.00484,0.00461,0.00467,0.00494,0.00477,0.00454,0.00473,0.00519,0.00482,0.00506,0.00430,0.00501,0.00482,0.00519,0.00503
2026-04-20 05:40:25,0.00543,0.00233,0.00465,0.00451,0.00457,0.00469,0.00461,0.00448,0.00443,0.00453,0.00457,0.00487,0.00427,0.00471,0.00449,0.00459,0.00449
2026-04-20 05:40:30,0.00740,0.00222,0.00431,0.00437,0.00456,0.00467,0.00472,0.00477,0.00427,0.00452,0.00440,0.00506,0.00443,0.00468,0.00466,0.00432,0.00433
2026-04-20 05:40:35,0.00708,0.00211,0.00458,0.00479,0.00459,0.00477,0.00491,0.00496,0.00443,0.00448,0.00473,0.00493,0.00485,0.00471,0.00491,0.00451,0.00463
2026-04-20 05:40:40,0.00704,0.00467,0.00501,0.00530,0.00459,0.00484,0.00494,0.00499,0.00459,0.00479,0.00504,0.00502,0.00507,0.00533,0.00483,0.00481,0.00522
2026-04-20 05:40:45,0.00668,0.00645,0.00526,0.00564,0.00455,0.00500,0.00499,0.00478,0.00479,0.00474,0.00546,0.00488,0.00506,0.00527,0.00449,0.00479,0.00517
2026-04-20 05:40:50,0.00652,0.00623,0.00491,0.00501,0.00491,0.00483,0.00495,0.00491,0.00482,0.00485,0.00544,0.00445,0.00514,0.00513,0.00445,0.00482,0.00489
2026-04-20 05:40:55,0.00630,0.00596,0.00485,0.00481,0.00476,0.00511,0.00486,0.00490,0.00495,0.00483,0.00527,0.00446,0.00487,0.00461,0.00456,0.00487,0.00483
2026-04-20 05:41:00,0.00553,0.00550,0.00451,0.00466,0.00440,0.00491,0.00471,0.00473,0.00477,0.00452,0.00467,0.00451,0.00467,0.00460,0.00453,0.00501,0.00482
2026-04-20 05:41:05,0.00471,0.00252,0.00420,0.00465,0.00389,0.00459,0.00435,0.00436,0.00445,0.00419,0.00435,0.00452,0.00438,0.00445,0.00441,0.00455,0.00477
2026-04-20 05:41:10,0.00302,0.00193,0.00357,0.00419,0.00344,0.00386,0.00402,0.00364,0.00389,0.00364,0.00381,0.00410,0.00390,0.00392,0.00362,0.00389,0.00388
2026-04-20 05:41:15,0.00186,0.00173,0.00317,0.00333,0.00279,0.00307,0.00302,0.00286,0.00313,0.00285,0.00330,0.00323,0.00296,0.00291,0.00281,0.00290,0.00291
2026-04-20 05:41:20,0.00169,0.00213,0.00278,0.00277,0.00275,0.00269,0.00278,0.00281,0.00278,0.00277,0.00289,0.00273,0.00282,0.00273,0.00279,0.00272,0.00274
2026-04-20 05:41:25,0.00136,0.00249,0.00275,0.00279,0.00268,0.00270,0.00255,0.00274,0.00266,0.00264,0.00279,0.00269,0.00257,0.00258,0.00270,0.00264,0.00256
2026-04-20 05:41:30,0.00154,0.00268,0.00281,0.00282,0.00281,0.00272,0.00277,0.00289,0.00270,0.00278,0.00282,0.00269,0.00281,0.00272,0.00280,0.00280,0.00274
2026-04-20 05:41:35,0.00147,0.00264,0.00281,0.00281,0.00277,0.00263,0.00277,0.00283,0.00267,0.00273,0.00272,0.00270,0.00278,0.00267,0.00271,0.00277,0.00271
2026-04-20 05:41:40,0.00130,0.00263,0.00274,0.00273,0.00259,0.00259,0.00273,0.00266,0.00265,0.00257,0.00270,0.00265,0.00272,0.00265,0.00254,0.00270,0.00267
2026-04-20 05:41:45,0.000861,0.00236,0.00241,0.00240,0.00233,0.00235,0.00239,0.00227,0.00240,0.00230,0.00237,0.00241,0.00233,0.00237,0.00227,0.00239,0.00237
2026-04-20 05:41:50,0.000821,0.00235,0.00227,0.00225,0.00227,0.00237,0.00227,0.00222,0.00236,0.00220,0.00233,0.00231,0.00221,0.00231,0.00222,0.00229,0.00225
2026-04-20 05:41:55,0.00289,0.00234,0.00219,0.00213,0.00168,0.00230,0.00216,0.00329,0.00224,0.00227,0.00221,0.00225,0.00193,0.00220,0.00341,0.00215,0.00223
2026-04-20 05:42:00,NaN,NaN,NaN,0.00188,NaN,NaN,NaN,NaN,NaN,NaN,NaN,0.00178,NaN,NaN,NaN,NaN,NaN
2026-04-20 05:42:05,NaN,NaN,NaN,NaN,NaN,NaN,NaN,NaN,NaN,NaN,NaN,NaN,NaN,NaN,NaN,NaN,NaN
2026-04-20 05:42:10,NaN,NaN,NaN,NaN,NaN,NaN,NaN,NaN,NaN,NaN,NaN,NaN,NaN,NaN,NaN,NaN,NaN
2026-04-20 05:42:15,NaN,NaN,NaN,NaN,NaN,NaN,NaN,NaN,NaN,NaN,NaN,NaN,NaN,NaN,NaN,NaN,NaN
2026-04-20 05:42:20,NaN,NaN,NaN,NaN,NaN,NaN,NaN,NaN,NaN,NaN,NaN,NaN,NaN,NaN,NaN,NaN,NaN
2026-04-20 05:42:25,NaN,NaN,NaN,NaN,NaN,NaN,NaN,NaN,NaN,NaN,NaN,NaN,NaN,NaN,NaN,NaN,NaN
2026-04-20 05:42:30,NaN,NaN,NaN,NaN,NaN,NaN,NaN,NaN,NaN,NaN,NaN,NaN,NaN,NaN,NaN,NaN,NaN
2026-04-20 05:42:35,0.00104,0.00220,NaN,NaN,0.00226,0.00155,0.00272,0.00233,0.00130,0.00217,0.00120,NaN,0.00211,0.00217,0.00234,0.00197,0.00212
2026-04-20 05:42:40,0.00217,0.00241,0.00249,0.00258,0.00283,0.00242,0.00255,0.00308,0.00242,0.00257,0.00241,0.00240,0.00268,0.00248,0.00304,0.00248,0.00243
2026-04-20 05:42:45,0.00176,0.00260,0.00286,0.00294,0.00269,0.00285,0.00285,0.00282,0.00274,0.00266,0.00270,0.00290,0.00276,0.00279,0.00281,0.00283,0.00269
2026-04-20 05:42:50,0.00170,0.00256,0.00276,0.00282,0.00271,0.00275,0.00273,0.00278,0.00266,0.00262,0.00262,0.00277,0.00273,0.00272,0.00275,0.00271,0.00264
2026-04-20 05:42:55,0.00101,0.00249,0.00267,0.00266,0.00239,0.00272,0.00265,0.00234,0.00260,0.00248,0.00258,0.00271,0.00253,0.00263,0.00235,0.00264,0.00258
2026-04-20 05:43:00,0.000979,0.00231,0.00234,0.00232,0.00238,0.00235,0.00228,0.00233,0.00233,0.00231,0.00232,0.00233,0.00231,0.00229,0.00233,0.00229,0.00233
2026-04-20 05:43:05,0.000902,0.00225,0.00222,0.00219,0.00226,0.00227,0.00224,0.00228,0.00225,0.00232,0.00226,0.00226,0.00228,0.00223,0.00242,0.00228,0.00230
2026-04-20 05:43:10,0.000877,0.00229,0.00230,0.00230,0.00218,0.00218,0.00229,0.00221,0.00235,0.00235,0.00226,0.00224,0.00234,0.00232,0.00235,0.00233,0.00223
2026-04-20 05:43:15,0.000832,0.00217,0.00212,0.00220,0.00215,0.00217,0.00222,0.00214,0.00221,0.00221,0.00219,0.00214,0.00220,0.00222,0.00222,0.00215,0.00222
2026-04-20 05:43:20,0.000833,0.00217,0.00219,0.00223,0.00215,0.00220,0.00225,0.00214,0.00227,0.00221,0.00222,0.00217,0.00219,0.00222,0.00222,0.00219,0.00221
2026-04-20 05:43:25,0.000832,0.00219,0.00219,0.00225,0.00222,0.00223,0.00228,0.00217,0.00230,0.00219,0.00226,0.00220,0.00217,0.00223,0.00217,0.00221,0.00226
2026-04-20 05:43:30,0.00103,0.00215,0.00236,0.00229,0.00166,0.00231,0.00257,0.00136,0.00254,0.00158,0.00235,0.00224,0.00146,0.00213,0.00136,0.00243,0.00198
2026-04-20 05:43:35,NaN,NaN,NaN,NaN,NaN,NaN,NaN,NaN,NaN,NaN,NaN,NaN,NaN,NaN,NaN,NaN,NaN
2026-04-20 05:43:40,NaN,NaN,NaN,NaN,NaN,NaN,NaN,NaN,NaN,NaN,NaN,NaN,NaN,NaN,NaN,NaN,NaN
2026-04-20 05:43:45,NaN,NaN,NaN,NaN,NaN,NaN,NaN,NaN,NaN,NaN,NaN,NaN,NaN,NaN,NaN,NaN,NaN
2026-04-20 05:43:50,NaN,NaN,NaN,NaN,NaN,NaN,NaN,NaN,NaN,NaN,NaN,NaN,NaN,NaN,NaN,NaN,NaN
2026-04-20 05:43:55,NaN,NaN,NaN,NaN,NaN,NaN,NaN,NaN,NaN,NaN,NaN,NaN,NaN,NaN,NaN,NaN,NaN
2026-04-20 05:44:00,NaN,NaN,NaN,NaN,NaN,NaN,NaN,NaN,NaN,NaN,NaN,NaN,NaN,NaN,NaN,NaN,NaN
2026-04-20 05:44:05,NaN,NaN,NaN,NaN,NaN,NaN,NaN,NaN,NaN,NaN,NaN,NaN,NaN,NaN,NaN,NaN,NaN
2026-04-20 05:44:10,NaN,NaN,NaN,NaN,NaN,NaN,NaN,NaN,NaN,NaN,NaN,NaN,NaN,NaN,NaN,NaN,NaN
2026-04-20 05:44:15,NaN,NaN,NaN,NaN,NaN,NaN,NaN,NaN,NaN,NaN,NaN,NaN,NaN,NaN,NaN,NaN,NaN
2026-04-20 05:44:20,NaN,NaN,NaN,NaN,NaN,NaN,NaN,NaN,NaN,NaN,NaN,NaN,NaN,NaN,NaN,NaN,NaN
2026-04-20 05:44:25,NaN,NaN,NaN,NaN,NaN,NaN,NaN,NaN,NaN,NaN,NaN,NaN,NaN,NaN,NaN,NaN,NaN
2026-04-20 05:44:30,NaN,NaN,NaN,NaN,NaN,NaN,NaN,NaN,NaN,NaN,NaN,NaN,NaN,NaN,NaN,NaN,NaN
2026-04-20 05:44:35,NaN,NaN,NaN,NaN,NaN,NaN,NaN,NaN,NaN,NaN,NaN,NaN,NaN,NaN,NaN,NaN,NaN
2026-04-20 05:44:40,NaN,NaN,NaN,NaN,NaN,NaN,NaN,NaN,NaN,NaN,NaN,NaN,NaN,NaN,NaN,NaN,NaN
2026-04-20 05:44:45,NaN,NaN,NaN,NaN,NaN,NaN,NaN,NaN,NaN,NaN,NaN,NaN,NaN,NaN,NaN,NaN,NaN
2026-04-20 05:44:50,NaN,NaN,NaN,NaN,NaN,NaN,NaN,NaN,NaN,NaN,NaN,NaN,NaN,NaN,NaN,NaN,NaN
2026-04-20 05:44:55,NaN,NaN,NaN,NaN,NaN,NaN,NaN,NaN,NaN,NaN,NaN,NaN,NaN,NaN,NaN,NaN,NaN
2026-04-20 05:45:00,NaN,NaN,NaN,NaN,NaN,NaN,NaN,NaN,NaN,NaN,NaN,NaN,NaN,NaN,NaN,NaN,NaN
2026-04-20 05:45:05,NaN,NaN,NaN,NaN,NaN,NaN,NaN,NaN,NaN,NaN,NaN,NaN,NaN,NaN,NaN,NaN,NaN
2026-04-20 05:45:10,NaN,NaN,NaN,NaN,NaN,NaN,NaN,NaN,NaN,NaN,NaN,NaN,NaN,NaN,NaN,NaN,NaN
2026-04-20 05:45:15,NaN,NaN,NaN,NaN,NaN,NaN,NaN,NaN,NaN,NaN,NaN,NaN,NaN,NaN,NaN,NaN,NaN
2026-04-20 05:45:20,NaN,NaN,NaN,NaN,NaN,NaN,NaN,NaN,NaN,NaN,NaN,NaN,NaN,NaN,NaN,NaN,NaN
2026-04-20 05:45:25,NaN,NaN,NaN,NaN,NaN,NaN,NaN,NaN,NaN,NaN,NaN,NaN,NaN,NaN,NaN,NaN,NaN
2026-04-20 05:45:30,NaN,NaN,NaN,NaN,NaN,NaN,NaN,NaN,NaN,NaN,NaN,NaN,NaN,NaN,NaN,NaN,NaN
2026-04-20 05:45:35,NaN,NaN,NaN,NaN,NaN,NaN,NaN,NaN,NaN,NaN,NaN,NaN,NaN,NaN,NaN,NaN,NaN
2026-04-20 05:45:40,NaN,NaN,NaN,NaN,NaN,NaN,NaN,NaN,NaN,NaN,NaN,NaN,NaN,NaN,NaN,NaN,NaN
2026-04-20 05:45:45,NaN,NaN,NaN,NaN,NaN,NaN,NaN,NaN,NaN,NaN,NaN,NaN,NaN,NaN,NaN,NaN,NaN
2026-04-20 05:45:50,NaN,NaN,NaN,NaN,NaN,NaN,NaN,NaN,NaN,NaN,NaN,NaN,NaN,NaN,NaN,NaN,NaN
2026-04-20 05:45:55,NaN,NaN,NaN,NaN,NaN,NaN,NaN,NaN,NaN,NaN,NaN,NaN,NaN,NaN,NaN,NaN,NaN
2026-04-20 05:46:00,NaN,NaN,NaN,NaN,NaN,NaN,NaN,NaN,NaN,NaN,NaN,NaN,NaN,NaN,NaN,NaN,NaN
2026-04-20 05:46:05,NaN,NaN,NaN,NaN,NaN,NaN,NaN,NaN,NaN,NaN,NaN,NaN,NaN,NaN,NaN,NaN,NaN
2026-04-20 05:46:10,NaN,NaN,NaN,NaN,NaN,NaN,NaN,NaN,NaN,NaN,NaN,NaN,NaN,NaN,NaN,NaN,NaN
2026-04-20 05:46:15,NaN,NaN,NaN,NaN,NaN,NaN,NaN,NaN,NaN,NaN,NaN,NaN,NaN,NaN,NaN,NaN,NaN
2026-04-20 05:46:20,NaN,NaN,NaN,NaN,NaN,NaN,NaN,NaN,NaN,NaN,NaN,NaN,NaN,NaN,NaN,NaN,NaN
2026-04-20 05:46:25,NaN,NaN,NaN,NaN,NaN,NaN,NaN,NaN,NaN,NaN,NaN,NaN,NaN,NaN,NaN,NaN,NaN
2026-04-20 05:46:30,NaN,NaN,NaN,NaN,NaN,NaN,NaN,NaN,NaN,NaN,NaN,NaN,NaN,NaN,NaN,NaN,NaN
2026-04-20 05:46:35,NaN,NaN,NaN,NaN,NaN,NaN,NaN,NaN,NaN,NaN,NaN,NaN,NaN,NaN,NaN,NaN,NaN
2026-04-20 05:46:40,NaN,NaN,NaN,NaN,NaN,NaN,NaN,NaN,NaN,NaN,NaN,NaN,NaN,NaN,NaN,NaN,NaN
2026-04-20 05:46:45,NaN,NaN,NaN,NaN,NaN,NaN,NaN,NaN,NaN,NaN,NaN,NaN,NaN,NaN,NaN,NaN,NaN
2026-04-20 05:46:50,NaN,NaN,NaN,NaN,NaN,NaN,NaN,NaN,NaN,NaN,NaN,NaN,NaN,NaN,NaN,NaN,NaN
2026-04-20 05:46:55,NaN,NaN,NaN,NaN,NaN,NaN,NaN,NaN,NaN,NaN,NaN,NaN,NaN,NaN,NaN,NaN,NaN
2026-04-20 05:47:00,NaN,NaN,NaN,NaN,NaN,NaN,NaN,NaN,NaN,NaN,NaN,NaN,NaN,NaN,NaN,NaN,NaN
2026-04-20 05:47:05,NaN,NaN,NaN,NaN,NaN,NaN,NaN,NaN,NaN,NaN,NaN,NaN,NaN,NaN,NaN,NaN,NaN
2026-04-20 05:47:10,NaN,NaN,NaN,NaN,NaN,NaN,NaN,NaN,NaN,NaN,NaN,NaN,NaN,NaN,NaN,NaN,NaN
2026-04-20 05:47:15,NaN,NaN,NaN,NaN,NaN,NaN,NaN,NaN,NaN,NaN,NaN,NaN,NaN,NaN,NaN,NaN,NaN
2026-04-20 05:47:20,NaN,NaN,NaN,NaN,NaN,NaN,NaN,NaN,NaN,NaN,NaN,NaN,NaN,NaN,NaN,NaN,NaN
2026-04-20 05:47:25,NaN,NaN,NaN,NaN,NaN,NaN,NaN,NaN,NaN,NaN,NaN,NaN,NaN,NaN,NaN,NaN,NaN
2026-04-20 05:47:30,NaN,NaN,NaN,NaN,NaN,NaN,NaN,NaN,NaN,NaN,NaN,NaN,NaN,NaN,NaN,NaN,NaN
2026-04-20 05:47:35,NaN,NaN,NaN,NaN,NaN,NaN,NaN,NaN,NaN,NaN,NaN,NaN,NaN,NaN,NaN,NaN,NaN
2026-04-20 05:47:40,NaN,NaN,NaN,NaN,NaN,NaN,NaN,NaN,NaN,NaN,NaN,NaN,NaN,NaN,NaN,NaN,NaN
2026-04-20 05:47:45,NaN,NaN,NaN,NaN,NaN,NaN,NaN,NaN,NaN,NaN,NaN,NaN,NaN,NaN,NaN,NaN,NaN
2026-04-20 05:47:50,NaN,NaN,NaN,NaN,NaN,NaN,NaN,NaN,NaN,NaN,NaN,NaN,NaN,NaN,NaN,NaN,NaN
2026-04-20 05:47:55,NaN,NaN,NaN,NaN,NaN,NaN,NaN,NaN,NaN,NaN,NaN,NaN,NaN,NaN,NaN,NaN,NaN
2026-04-20 05:48:00,NaN,NaN,NaN,NaN,NaN,NaN,NaN,NaN,NaN,NaN,NaN,NaN,NaN,NaN,NaN,NaN,NaN
2026-04-20 05:48:05,NaN,NaN,NaN,NaN,NaN,NaN,NaN,NaN,NaN,NaN,NaN,NaN,NaN,NaN,NaN,NaN,NaN
2026-04-20 05:48:10,NaN,NaN,NaN,NaN,NaN,NaN,NaN,NaN,NaN,NaN,NaN,NaN,NaN,NaN,NaN,NaN,NaN
2026-04-20 05:48:15,NaN,NaN,NaN,NaN,NaN,NaN,NaN,NaN,NaN,NaN,NaN,NaN,NaN,NaN,NaN,NaN,NaN
2026-04-20 05:48:20,NaN,NaN,NaN,NaN,NaN,NaN,NaN,NaN,NaN,NaN,NaN,NaN,NaN,NaN,NaN,NaN,NaN
2026-04-20 05:48:25,NaN,NaN,NaN,NaN,NaN,NaN,NaN,NaN,NaN,NaN,NaN,NaN,NaN,NaN,NaN,NaN,NaN
2026-04-20 05:48:30,NaN,NaN,NaN,NaN,NaN,NaN,NaN,NaN,NaN,NaN,NaN,NaN,NaN,NaN,NaN,NaN,NaN
2026-04-20 05:48:35,NaN,NaN,NaN,NaN,NaN,NaN,NaN,NaN,NaN,NaN,NaN,NaN,NaN,NaN,NaN,NaN,NaN
2026-04-20 05:48:40,NaN,NaN,NaN,NaN,NaN,NaN,NaN,NaN,NaN,NaN,NaN,NaN,NaN,NaN,NaN,NaN,NaN
2026-04-20 05:48:45,NaN,NaN,NaN,NaN,NaN,NaN,NaN,NaN,NaN,NaN,NaN,NaN,NaN,NaN,NaN,NaN,NaN
2026-04-20 05:48:50,NaN,NaN,NaN,NaN,NaN,NaN,NaN,NaN,NaN,NaN,NaN,NaN,NaN,NaN,NaN,NaN,NaN
2026-04-20 05:48:55,NaN,NaN,NaN,NaN,NaN,NaN,NaN,NaN,NaN,NaN,NaN,NaN,NaN,NaN,NaN,NaN,NaN
2026-04-20 05:49:00,NaN,NaN,NaN,NaN,NaN,NaN,NaN,NaN,NaN,NaN,NaN,NaN,NaN,NaN,NaN,NaN,NaN
2026-04-20 05:49:05,NaN,NaN,NaN,NaN,NaN,NaN,NaN,NaN,NaN,NaN,NaN,NaN,NaN,NaN,NaN,NaN,NaN
2026-04-20 05:49:10,NaN,NaN,NaN,NaN,NaN,NaN,NaN,NaN,NaN,NaN,NaN,NaN,NaN,NaN,NaN,NaN,NaN
2026-04-20 05:49:15,NaN,NaN,NaN,NaN,NaN,NaN,NaN,NaN,NaN,NaN,NaN,NaN,NaN,NaN,NaN,NaN,NaN
2026-04-20 05:49:20,NaN,NaN,NaN,NaN,NaN,NaN,NaN,NaN,NaN,NaN,NaN,NaN,NaN,NaN,NaN,NaN,NaN
2026-04-20 05:49:25,NaN,NaN,NaN,NaN,NaN,NaN,NaN,NaN,NaN,NaN,NaN,NaN,NaN,NaN,NaN,NaN,NaN
2026-04-20 05:49:30,NaN,NaN,NaN,NaN,NaN,NaN,NaN,NaN,NaN,NaN,NaN,NaN,NaN,NaN,NaN,NaN,NaN
2026-04-20 05:49:35,NaN,NaN,NaN,NaN,NaN,NaN,NaN,NaN,NaN,NaN,NaN,NaN,NaN,NaN,NaN,NaN,NaN
2026-04-20 05:49:40,NaN,NaN,NaN,NaN,NaN,NaN,NaN,NaN,NaN,NaN,NaN,NaN,NaN,NaN,NaN,NaN,NaN
2026-04-20 05:49:45,NaN,NaN,NaN,NaN,NaN,NaN,NaN,NaN,NaN,NaN,NaN,NaN,NaN,NaN,NaN,NaN,NaN
2026-04-20 05:49:50,NaN,NaN,NaN,NaN,NaN,NaN,NaN,NaN,NaN,NaN,NaN,NaN,NaN,NaN,NaN,NaN,NaN
2026-04-20 05:49:55,NaN,NaN,NaN,NaN,NaN,NaN,NaN,NaN,NaN,NaN,NaN,NaN,NaN,NaN,NaN,NaN,NaN
2026-04-20 05:50:00,NaN,NaN,NaN,NaN,NaN,NaN,NaN,NaN,NaN,NaN,NaN,NaN,NaN,NaN,NaN,NaN,NaN
2026-04-20 05:50:05,NaN,,NaN,NaN,NaN,NaN,NaN,NaN,NaN,NaN,NaN,NaN,NaN,NaN,NaN,NaN,NaN
2026-04-20 05:50:10,NaN,,NaN,NaN,NaN,NaN,NaN,NaN,NaN,NaN,NaN,NaN,NaN,NaN,NaN,NaN,NaN