"Time","Sent (peer0.org1.dwntp.com:9443)","Sent (peer1.org1.dwntp.com:9443)","Sent (peer10.org1.dwntp.com:9443)","Sent (peer11.org1.dwntp.com:9443)","Sent (peer12.org1.dwntp.com:9443)","Sent (peer13.org1.dwntp.com:9443)","Sent (peer14.org1.dwntp.com:9443)","Sent (peer15.org1.dwntp.com:9443)","Sent (peer2.org1.dwntp.com:9443)","Sent (peer3.org1.dwntp.com:9443)","Sent (peer4.org1.dwntp.com:9443)","Sent (peer5.org1.dwntp.com:9443)","Sent (peer6.org1.dwntp.com:9443)","Sent (peer7.org1.dwntp.com:9443)","Sent (peer8.org1.dwntp.com:9443)","Sent (peer9.org1.dwntp.com:9443)","Received (peer0.org1.dwntp.com:9443)","Received (peer1.org1.dwntp.com:9443)","Received (peer10.org1.dwntp.com:9443)","Received (peer11.org1.dwntp.com:9443)","Received (peer12.org1.dwntp.com:9443)","Received (peer13.org1.dwntp.com:9443)","Received (peer14.org1.dwntp.com:9443)","Received (peer15.org1.dwntp.com:9443)","Received (peer2.org1.dwntp.com:9443)","Received (peer3.org1.dwntp.com:9443)","Received (peer4.org1.dwntp.com:9443)","Received (peer5.org1.dwntp.com:9443)","Received (peer6.org1.dwntp.com:9443)","Received (peer7.org1.dwntp.com:9443)","Received (peer8.org1.dwntp.com:9443)","Received (peer9.org1.dwntp.com:9443)"
2026-04-20 10:04:40,0.706,0.881,,,,,,,,,,,,,,,0.706,0.881,,,,,,,,,,,,,,
2026-04-20 10:04:45,1.50,1.78,,,,,,,,,,,,,,,1.50,1.78,,,,,,,,,,,,,,
2026-04-20 10:04:50,2.54,2.36,,,,,,,,,,,,,,,2.54,2.36,,,,,,,,,,,,,,
2026-04-20 10:04:55,2.80,2.53,,,,,,,,,,,,,,,2.80,2.53,,,,,,,,,,,,,,
2026-04-20 10:05:00,2.47,2.27,,,,,,,,,,,,,,,2.47,2.27,,,,,,,,,,,,,,
2026-04-20 10:05:05,3.20,4,,,,,,,,,,,,,,,3.20,4,,,,,,,,,,,,,,
2026-04-20 10:05:10,5.27,5.73,,,,,,,,,,,,,,,5.27,5.73,,,,,,,,,,,,,,
2026-04-20 10:05:15,7,7.20,,,,,,,,,,,,,,,7,7.20,,,,,,,,,,,,,,
2026-04-20 10:05:20,7.33,7.27,,,,,,,,,,,,,,,7.33,7.27,,,,,,,,,,,,,,
2026-04-20 10:05:25,7.27,7.60,,,,,,,,,,,,,,,7.27,7.60,,,,,,,,,,,,,,
2026-04-20 10:05:30,7.60,7.60,,,,,,,,,,,,,,,7.60,7.60,,,,,,,,,,,,,,
2026-04-20 10:05:35,6.60,5.87,,,,,,,,,,,,,,,6.60,5.87,,,,,,,,,,,,,,
2026-04-20 10:05:40,4.60,4.07,,,,,,,,,,,,,,,4.60,4.07,,,,,,,,,,,,,,
2026-04-20 10:05:45,2.80,4.20,,,,,,,,,,,,,,,2.80,4.20,,,,,,,,,,,,,,
2026-04-20 10:05:50,9.47,11.6,,,,,,,,,,,,,,,9.47,11.6,,,,,,,,,,,,,,
2026-04-20 10:05:55,17.9,19.7,,,,,,,,,,,,,,,17.9,19.7,,,,,,,,,,,,,,
2026-04-20 10:06:00,26,26.5,,,,,,,,,,,,,,,26,26.5,,,,,,,,,,,,,,
2026-04-20 10:06:05,27.3,27.6,,,,,,,,,,,,,,,27.3,27.6,,,,,,,,,,,,,,
2026-04-20 10:06:10,27.6,27.6,,,,,,,,,,,,,,,27.6,27.6,,,,,,,,,,,,,,
2026-04-20 10:06:15,27.6,25.8,,,,,,,,,,,,,,,27.6,25.8,,,,,,,,,,,,,,
2026-04-20 10:06:20,20.4,18.2,,,,,,,,,,,,,,,20.4,18.2,,,,,,,,,,,,,,
2026-04-20 10:06:25,12,10.1,,,,,,,,,,,,,,,12,10.1,,,,,,,,,,,,,,
2026-04-20 10:06:30,3.87,3.27,,,,,,,,,,,,,,,3.87,3.27,,,,,,,,,,,,,,
2026-04-20 10:06:35,14.8,18.8,,,,,,,,,,,,,,,14.8,18.8,,,,,,,,,,,,,,
2026-04-20 10:06:40,31.2,35.5,,,,,,,,,,,,,,,31.2,35.5,,,,,,,,,,,,,,
2026-04-20 10:06:45,47.9,52.5,,,,,,,,,,,,,,,47.9,52.5,,,,,,,,,,,,,,
2026-04-20 10:06:50,52.6,52.6,,,,,,,,,,,,,,,52.6,52.6,,,,,,,,,,,,,,
2026-04-20 10:06:55,52.6,52.3,,,,,,,,,,,,,,,52.6,52.3,,,,,,,,,,,,,,
2026-04-20 10:07:00,52.3,52.3,,,,,,,,,,,,,,,52.3,52.3,,,,,,,,,,,,,,
2026-04-20 10:07:05,40,36.1,,,,,,,,,,,,,,,40,36.1,,,,,,,,,,,,,,
2026-04-20 10:07:10,23.6,19.3,,,,,,,,,,,,,,,23.6,19.3,,,,,,,,,,,,,,
2026-04-20 10:07:15,7.60,6.20,,,,,,,,,,,,,,,7.60,6.20,,,,,,,,,,,,,,
2026-04-20 10:07:20,17,21.1,,,,,,,,,,,,,,,17,21.1,,,,,,,,,,,,,,
2026-04-20 10:07:25,33.3,37.8,,,,,,,,,,,,,,,33.3,37.8,,,,,,,,,,,,,,
2026-04-20 10:07:30,49.3,50.4,,,,,,,,,,,,,,,49.3,50.4,,,,,,,,,,,,,,
2026-04-20 10:07:35,51.6,51.4,,,,,,,,,,,,,,,51.6,51.3,,,,,,,,,,,,,,
2026-04-20 10:07:40,51.3,51.3,,,,,,,,,,,,,,,51.3,51.3,,,,,,,,,,,,,,
2026-04-20 10:07:45,51.3,51.6,,,,,,,,,,,,,,,51.3,51.6,,,,,,,,,,,,,,
2026-04-20 10:07:50,51.6,51.6,,,,,,,,,,,,,,,51.6,51.7,,,,,,,,,,,,,,
2026-04-20 10:07:55,51.7,51.4,,,,,,,,,,,,,,,51.7,51.4,,,,,,,,,,,,,,
2026-04-20 10:08:00,52.7,53.3,,,,,,,,,,,,,,,52.7,53.2,,,,,,,,,,,,,,
2026-04-20 10:08:05,54.9,55.9,,,,,,,,,,,,,,,54.9,55.9,,,,,,,,,,,,,,
2026-04-20 10:08:10,57.5,58.1,,,,,,,,,,,,,,,57.5,58.1,,,,,,,,,,,,,,
2026-04-20 10:08:15,58.4,58.1,,,,,,,,,,,,,,,58.4,58.1,,,,,,,,,,,,,,
2026-04-20 10:08:20,58.1,58.1,,,,,,,,,,,,,,,58.1,58,,,,,,,,,,,,,,
2026-04-20 10:08:25,58,58.4,,,,,,,,,,,,,,,58,58.4,,,,,,,,,,,,,,
2026-04-20 10:08:30,58.3,58.5,,,,,,,,,,,,,,,58.3,58.4,,,,,,,,,,,,,,
2026-04-20 10:08:35,58.4,58.1,,,,,,,,,,,,,,,58.4,58.2,,,,,,,,,,,,,,
2026-04-20 10:08:40,58.9,59.4,,,,,,,,,,,,,,,58.9,59.4,,,,,,,,,,,,,,
2026-04-20 10:08:45,61.6,62.6,,,,,,,,,,,,,,,61.6,62.6,,,,,,,,,,,,,,
2026-04-20 10:08:50,64.5,65.3,,,,,,,,,,,,,,,64.6,65.3,,,,,,,,,,,,,,
2026-04-20 10:08:55,66.6,66.5,,,,,,,,,,,,,,,66.6,66.4,,,,,,,,,,,,,,
2026-04-20 10:09:00,66.5,66.3,,,,,,,,,,,,,,,66.5,66.4,,,,,,,,,,,,,,
2026-04-20 10:09:05,66.5,66.8,,,,,,,,,,,,,,,66.5,66.7,,,,,,,,,,,,,,
2026-04-20 10:09:10,66.7,66.7,,,,,,,,,,,,,,,66.7,66.7,,,,,,,,,,,,,,
2026-04-20 10:09:15,66.7,66.5,,,,,,,,,,,,,,,66.7,66.5,,,,,,,,,,,,,,
2026-04-20 10:09:20,67.5,70.7,,,,,,,,,,,,,,,67.5,70.7,,,,,,,,,,,,,,
2026-04-20 10:09:25,80.9,84.9,,,,,,,,,,,,,,,80.9,84.9,,,,,,,,,,,,,,
2026-04-20 10:09:30,95.6,99.4,,,,,,,,,,,,,,,95.6,99.4,,,,,,,,,,,,,,
2026-04-20 10:09:35,109,109,,,,,,,,,,,,,,,109,109,,,,,,,,,,,,,,
2026-04-20 10:09:40,110,110,,,,,,,,,,,,,,,110,110,,,,,,,,,,,,,,
2026-04-20 10:09:45,110,111,,,,,,,,,,,,,,,110,111,,,,,,,,,,,,,,
2026-04-20 10:09:50,110,111,,,,,,,,,,,,,,,110,111,,,,,,,,,,,,,,
2026-04-20 10:09:55,111,110,,,,,,,,,,,,,,,111,111,,,,,,,,,,,,,,
2026-04-20 10:10:00,111,111,,,,,,,,,,,,,,,111,111,,,,,,,,,,,,,,
2026-04-20 10:10:05,111,111,,,,,,,,,,,,,,,111,111,,,,,,,,,,,,,,
2026-04-20 10:10:10,111,111,,,,,,,,,,,,,,,111,111,,,,,,,,,,,,,,
2026-04-20 10:10:15,111,111,,,,,,,,,,,,,,,111,111,,,,,,,,,,,,,,
2026-04-20 10:10:20,111,111,,,,,,,,,,,,,,,111,111,,,,,,,,,,,,,,
2026-04-20 10:10:25,111,111,,,,,,,,,,,,,,,111,111,,,,,,,,,,,,,,
2026-04-20 10:10:30,111,111,,,,,,,,,,,,,,,111,111,,,,,,,,,,,,,,
2026-04-20 10:10:35,111,111,,,,,,,,,,,,,,,111,111,,,,,,,,,,,,,,
2026-04-20 10:10:40,111,111,,,,,,,,,,,,,,,111,111,,,,,,,,,,,,,,
2026-04-20 10:10:45,111,111,,,,,,,,,,,,,,,111,111,,,,,,,,,,,,,,
2026-04-20 10:10:50,111,111,,,,,,,,,,,,,,,111,111,,,,,,,,,,,,,,
2026-04-20 10:10:55,111,111,,,,,,,,,,,,,,,111,111,,,,,,,,,,,,,,
2026-04-20 10:11:00,111,111,,,,,,,,,,,,,,,111,111,,,,,,,,,,,,,,
2026-04-20 10:11:05,111,111,,,,,,,,,,,,,,,111,111,,,,,,,,,,,,,,
2026-04-20 10:11:10,111,111,,,,,,,,,,,,,,,111,111,,,,,,,,,,,,,,
2026-04-20 10:11:15,111,111,,,,,,,,,,,,,,,111,111,,,,,,,,,,,,,,
2026-04-20 10:11:20,111,111,,,,,,,,,,,,,,,111,111,,,,,,,,,,,,,,
2026-04-20 10:11:25,111,111,,,,,,,,,,,,,,,111,111,,,,,,,,,,,,,,
2026-04-20 10:11:30,111,111,,,,,,,,,,,,,,,111,111,,,,,,,,,,,,,,
2026-04-20 10:11:35,111,111,,,,,,,,,,,,,,,111,111,,,,,,,,,,,,,,
2026-04-20 10:11:40,111,111,,,,,,,,,,,,,,,111,111,,,,,,,,,,,,,,
2026-04-20 10:11:45,111,111,,,,,,,,,,,,,,,111,111,,,,,,,,,,,,,,
2026-04-20 10:11:50,111,111,,,,,,,,,,,,,,,111,111,,,,,,,,,,,,,,
2026-04-20 10:11:55,111,111,,,,,,,,,,,,,,,111,111,,,,,,,,,,,,,,
2026-04-20 10:12:00,111,111,,,,,,,,,,,,,,,111,111,,,,,,,,,,,,,,
2026-04-20 10:12:05,111,111,,,,,,,,,,,,,,,111,111,,,,,,,,,,,,,,
2026-04-20 10:12:10,111,111,,,,,,,,,,,,,,,111,111,,,,,,,,,,,,,,
2026-04-20 10:12:15,109,104,,,,,,,,,,,,,,,109,104,,,,,,,,,,,,,,
2026-04-20 10:12:20,82.6,73.3,,,,,,,,,,,,,,,82.6,73.3,,,,,,,,,,,,,,
2026-04-20 10:12:25,46.7,37.5,,,,,,,,,,,,,,,46.7,37.5,,,,,,,,,,,,,,
2026-04-20 10:12:30,11.9,7.47,,,,,,,,,,,,,,,11.9,7.47,,,,,,,,,,,,,,
2026-04-20 10:12:35,2.40,2.13,,,,,,,,,,,,,,,2.40,2.13,,,,,,,,,,,,,,
2026-04-20 10:12:40,21.1,30.1,,,,,,,,,,,,,,,21.1,30.1,,,,,,,,,,,,,,
2026-04-20 10:12:45,56.6,65.9,,,,,,,,,,,,,,,56.6,65.9,,,,,,,,,,,,,,
2026-04-20 10:12:50,69.3,69.3,,,,,,,,,,,,,,,69.3,69.3,,,,,,,,,,,,,,
2026-04-20 10:12:55,50.3,41.1,,,,,,,,,,,,,,,50.3,41.1,,,,,,,,,,,,,,
2026-04-20 10:13:00,14.6,5.53,,,,,,,,,,,,,,,14.6,5.53,,,,,,,,,,,,,,
2026-04-20 10:13:05,2.13,2.33,,,,,,,,,,,,,,,2.13,2.33,,,,,,,,,,,,,,
2026-04-20 10:13:10,2.27,2.33,,,,,,,,,,,,,,,2.27,2.33,,,,,,,,,,,,,,
2026-04-20 10:13:15,2.33,2.07,,,,,,,,,,,,,,,2.33,2.07,,,,,,,,,,,,,,
2026-04-20 10:13:20,2.07,2.07,,,,,,,,,,,,,,,2.07,2.07,,,,,,,,,,,,,,
2026-04-20 10:13:25,2.13,2.33,,,,,,,,,,,,,,,2.13,2.33,,,,,,,,,,,,,,
2026-04-20 10:13:30,2.27,2.33,,,,,,,,,,,,,,,2.27,2.33,,,,,,,,,,,,,,
2026-04-20 10:13:35,2.33,2.07,,,,,,,,,,,,,,,2.33,2.07,,,,,,,,,,,,,,
2026-04-20 10:13:40,2.07,2.07,,,,,,,,,,,,,,,2.07,2.07,,,,,,,,,,,,,,
2026-04-20 10:13:45,2.13,2.33,,,,,,,,,,,,,,,2.13,2.33,,,,,,,,,,,,,,
2026-04-20 10:13:50,2.27,2.33,,,,,,,,,,,,,,,2.27,2.33,,,,,,,,,,,,,,
2026-04-20 10:13:55,2.33,2.07,,,,,,,,,,,,,,,2.33,2.07,,,,,,,,,,,,,,
2026-04-20 10:14:00,2.07,2.07,,,,,,,,,,,,,,,2.07,2.07,,,,,,,,,,,,,,
2026-04-20 10:14:05,2.13,2.33,,,,,,,,,,,,,,,2.13,2.33,,,,,,,,,,,,,,
2026-04-20 10:14:10,2.27,2.33,,,,,,,,,,,,,,,2.27,2.33,,,,,,,,,,,,,,
2026-04-20 10:14:15,2.33,2.07,,,,,,,,,,,,,,,2.33,2.07,,,,,,,,,,,,,,
2026-04-20 10:14:20,2.07,2.07,,,,,,,,,,,,,,,2.07,2.07,,,,,,,,,,,,,,
2026-04-20 10:14:25,2.13,2.33,,,,,,,,,,,,,,,2.13,2.33,,,,,,,,,,,,,,
2026-04-20 10:14:30,2.27,2.33,,,,,,,,,,,,,,,2.27,2.33,,,,,,,,,,,,,,
2026-04-20 10:14:35,2.33,2.07,,,,,,,,,,,,,,,2.33,2.07,,,,,,,,,,,,,,
2026-04-20 10:14:40,2.07,2.07,,,,,,,,,,,,,,,2.07,2.07,,,,,,,,,,,,,,
2026-04-20 10:14:45,2.13,2.33,,,,,,,,,,,,,,,2.13,2.33,,,,,,,,,,,,,,
2026-04-20 10:14:50,2.27,2.33,,,,,,,,,,,,,,,2.27,2.33,,,,,,,,,,,,,,
2026-04-20 10:14:55,2.33,2.07,,,,,,,,,,,,,,,2.33,2.07,,,,,,,,,,,,,,
2026-04-20 10:15:00,2.07,2.07,,,,,,,,,,,,,,,2.07,2.07,,,,,,,,,,,,,,
2026-04-20 10:15:05,2.13,2.33,,,,,,,,,,,,,,,2.13,2.33,,,,,,,,,,,,,,
2026-04-20 10:15:10,2.27,2.33,,,,,,,,,,,,,,,2.27,2.33,,,,,,,,,,,,,,
2026-04-20 10:15:15,2.33,2.07,,,,,,,,,,,,,,,2.33,2.07,,,,,,,,,,,,,,
2026-04-20 10:15:20,2.07,2.07,,,,,,,,,,,,,,,2.07,2.07,,,,,,,,,,,,,,
2026-04-20 10:15:25,2.13,2.33,,,,,,,,,,,,,,,2.13,2.33,,,,,,,,,,,,,,
2026-04-20 10:15:30,2.27,2.33,,,,,,,,,,,,,,,2.27,2.33,,,,,,,,,,,,,,
2026-04-20 10:15:35,2.33,2.07,,,,,,,,,,,,,,,2.33,2.07,,,,,,,,,,,,,,
2026-04-20 10:15:40,2.07,2.07,,,,,,,,,,,,,,,2.07,2.07,,,,,,,,,,,,,,
2026-04-20 10:15:45,2.13,2.33,,,,,,,,,,,,,,,2.13,2.33,,,,,,,,,,,,,,
2026-04-20 10:15:50,2.27,2.33,,,,,,,,,,,,,,,2.27,2.33,,,,,,,,,,,,,,
2026-04-20 10:15:55,2.33,2.07,,,,,,,,,,,,,,,2.33,2.07,,,,,,,,,,,,,,
2026-04-20 10:16:00,2.07,2.07,,,,,,,,,,,,,,,2.07,2.07,,,,,,,,,,,,,,
2026-04-20 10:16:05,2.13,2.33,,,,,,,,,,,,,,,2.13,2.33,,,,,,,,,,,,,,
2026-04-20 10:16:10,2.27,2.33,,,,,,,,,,,,,,,2.27,2.33,,,,,,,,,,,,,,
2026-04-20 10:16:15,2.33,2.07,,,,,,,,,,,,,,,2.33,2.07,,,,,,,,,,,,,,
2026-04-20 10:16:20,2.07,2.07,,,,,,,,,,,,,,,2.07,2.07,,,,,,,,,,,,,,
2026-04-20 10:16:25,2.13,2.33,,,,,,,,,,,,,,,2.13,2.33,,,,,,,,,,,,,,
2026-04-20 10:16:30,2.27,2.33,,,,,,,,,,,,,,,2.27,2.33,,,,,,,,,,,,,,
2026-04-20 10:16:35,2.33,2.07,,,,,,,,,,,,,,,2.33,2.07,,,,,,,,,,,,,,
2026-04-20 10:16:40,2.07,2.07,,,,,,,,,,,,,,,2.07,2.07,,,,,,,,,,,,,,
2026-04-20 10:16:45,2.13,2.33,,,,,,,,,,,,,,,2.13,2.33,,,,,,,,,,,,,,
2026-04-20 10:16:50,2.27,2.33,,,,,,,,,,,,,,,2.27,2.33,,,,,,,,,,,,,,
2026-04-20 10:16:55,2.33,2.07,,,,,,,,,,,,,,,2.33,2.07,,,,,,,,,,,,,,
2026-04-20 10:17:00,2.07,2.07,,,,,,,,,,,,,,,2.07,2.07,,,,,,,,,,,,,,
2026-04-20 10:17:05,2.13,2.33,,,,,,,,,,,,,,,2.13,2.33,,,,,,,,,,,,,,
2026-04-20 10:17:10,2.27,2.33,,,,,,,,,,,,,,,2.27,2.33,,,,,,,,,,,,,,
2026-04-20 10:17:15,2.33,2.07,,,,,,,,,,,,,,,2.33,2.07,,,,,,,,,,,,,,
2026-04-20 10:17:20,2.07,2.07,,,,,,,,,,,,,,,2.07,2.07,,,,,,,,,,,,,,
2026-04-20 10:17:25,2.13,2.33,,,,,,,,,,,,,,,2.13,2.33,,,,,,,,,,,,,,
2026-04-20 10:17:30,2.27,2.33,,,,,,,,,,,,,,,2.27,2.33,,,,,,,,,,,,,,
2026-04-20 10:17:35,2.33,2.07,,,,,,,,,,,,,,,2.33,2.07,,,,,,,,,,,,,,
2026-04-20 10:17:40,2.07,2.07,,,,,,,,,,,,,,,2.07,2.07,,,,,,,,,,,,,,
2026-04-20 10:17:45,2.13,2.33,,,,,,,,,,,,,,,2.13,2.33,,,,,,,,,,,,,,
2026-04-20 10:17:50,2.27,2.33,,,,,,,,,,,,,,,2.27,2.33,,,,,,,,,,,,,,
2026-04-20 10:17:55,2.33,2.07,,,,,,,,,,,,,,,2.33,2.07,,,,,,,,,,,,,,
2026-04-20 10:18:00,2.07,2.07,,,,,,,,,,,,,,,2.07,2.07,,,,,,,,,,,,,,
2026-04-20 10:18:05,2.13,2.33,,,,,,,,,,,,,,,2.13,2.33,,,,,,,,,,,,,,
2026-04-20 10:18:10,2.27,2.33,,,,,,,,,,,,,,,2.27,2.33,,,,,,,,,,,,,,
2026-04-20 10:18:15,2.33,2.07,,,,,,,,,,,,,,,2.33,2.07,,,,,,,,,,,,,,
2026-04-20 10:18:20,2.07,2.07,,,,,,,,,,,,,,,2.07,2.07,,,,,,,,,,,,,,
2026-04-20 10:18:25,2.13,2.33,,,,,,,,,,,,,,,2.13,2.33,,,,,,,,,,,,,,
2026-04-20 10:18:30,2.27,2.33,,,,,,,,,,,,,,,2.27,2.33,,,,,,,,,,,,,,
2026-04-20 10:18:35,2.33,2.07,,,,,,,,,,,,,,,2.33,2.07,,,,,,,,,,,,,,
2026-04-20 10:18:40,2.07,2.07,,,,,,,,,,,,,,,2.07,2.07,,,,,,,,,,,,,,
2026-04-20 10:18:45,2.13,2.33,,,,,,,,,,,,,,,2.13,2.33,,,,,,,,,,,,,,
2026-04-20 10:18:50,2.27,2.33,,,,,,,,,,,,,,,2.27,2.33,,,,,,,,,,,,,,
2026-04-20 10:18:55,2.33,2.07,,,,,,,,,,,,,,,2.33,2.07,,,,,,,,,,,,,,
2026-04-20 10:19:00,1.57,1.40,,,,,,,,,,,,,,,1.57,1.40,,,,,,,,,,,,,,
2026-04-20 10:19:05,0.930,0.952,,,,,,,,,,,,,,,0.930,0.952,,,,,,,,,,,,,,
2026-04-20 10:19:10,0.200,0.600,,,,,,,,1.66,,,,,,,0.200,0.600,,,,,,,,1.66,,,,,,
2026-04-20 10:19:15,4.09,3.77,,,,,,,3.00,3.73,,,,,,,4.09,3.50,,,,,,,3.00,3.58,,,,,,
2026-04-20 10:19:20,5.63,6.71,,,,,,,6.96,7.43,,,,,,,5.83,6.65,,,,,,,6.84,7.23,,,,,,
2026-04-20 10:19:25,10.3,9.42,,,,,,,9.67,9.85,,,,,,,10.8,9.36,,,,,,,9.55,9.65,,,,,,
2026-04-20 10:19:30,10.2,10.4,,,,,,,11.3,11.1,,,,,,,10.7,10.6,,,,,,,11.2,11,,,,,,
2026-04-20 10:19:35,10.9,9.33,,,,,,,8.80,8.40,,,,,,,11.1,9.33,,,,,,,8.80,8.40,,,,,,
2026-04-20 10:19:40,7.40,8.20,,,,,,,8.20,8.40,,,,,,,7.40,8.20,,,,,,,8.20,8.40,,,,,,
2026-04-20 10:19:45,10.6,10.8,,,,,,,10.6,12,,,,,,,10.6,10.8,,,,,,,10.6,12,,,,,,
2026-04-20 10:19:50,14.8,16.5,,,,,,,16.6,19,,,,,,,14.8,16.5,,,,,,,16.6,19,,,,,,
2026-04-20 10:19:55,21.2,22.5,,,,,,,21.4,23.6,,,,,,,21.2,22.3,,,,,,,21.4,23.6,,,,,,
2026-04-20 10:20:00,23.6,25.4,,,,,,,25.2,25.2,,,,,,,23.6,25.4,,,,,,,25.2,25.2,,,,,,
2026-04-20 10:20:05,25.6,24.6,,,,,,,24.8,24.2,,,,,,,25.6,24.6,,,,,,,24.8,24.2,,,,,,
2026-04-20 10:20:10,24.8,24.9,,,,,,,25.6,25,,,,,,,24.8,25.1,,,,,,,25.6,25,,,,,,
2026-04-20 10:20:15,23.8,22.1,,,,,,,21.6,21.2,,,,,,,23.8,21.9,,,,,,,21.6,21.2,,,,,,
2026-04-20 10:20:20,18.2,18.4,,,,,,,18.6,16.4,,,,,,,18.2,18.4,,,,,,,18.6,16.4,,,,,,
2026-04-20 10:20:25,14,11.8,,,,,,,12.2,10.4,,,,,,,14,11.8,,,,,,,12.2,10.4,,,,,,
2026-04-20 10:20:30,9.40,9.13,,,,,,,10,9,,,,,,,9.40,9.27,,,,,,,10,9,,,,,,
2026-04-20 10:20:35,8.80,7.93,,,,,,,7.40,7.80,,,,,,,8.80,7.93,,,,,,,7.40,7.80,,,,,,
2026-04-20 10:20:40,7.80,10.8,,,,,,,10.4,13,,,,,,,7.80,10.8,,,,,,,10.4,13,,,,,,
2026-04-20 10:20:45,22.2,27.2,,,,,,,25.2,34.8,,,,,,,22.2,27,,,,,,,25.2,34.8,,,,,,
2026-04-20 10:20:50,46.4,53.1,,,,,,,51.8,61.8,,,,,,,46.4,53.1,,,,,,,51.7,61.8,,,,,,
2026-04-20 10:20:55,72.4,76.5,,,,,,,74.4,81.8,,,,,,,72.4,76.5,,,,,,,74.3,81.8,,,,,,
2026-04-20 10:21:00,83.6,85.6,,,,,,,85.6,85.2,,,,,,,83.6,85.8,,,,,,,85.6,85.2,,,,,,
2026-04-20 10:21:05,85.6,84.8,,,,,,,84.6,84.2,,,,,,,85.6,84.7,,,,,,,84.8,84.3,,,,,,
2026-04-20 10:21:10,84.3,82.7,,,,,,,83.7,81,,,,,,,84.2,82.7,,,,,,,84,81.1,,,,,,
2026-04-20 10:21:15,72.7,66.5,,,,,,,67.6,59.2,,,,,,,72.6,66.3,,,,,,,67.7,59.3,,,,,,
2026-04-20 10:21:20,47.3,42.2,,,,,,,44.2,34.2,,,,,,,47.2,42.3,,,,,,,44.2,34.2,,,,,,
2026-04-20 10:21:25,23.6,18,,,,,,,19.5,12.2,,,,,,,23.6,18,,,,,,,19.4,12.2,,,,,,
2026-04-20 10:21:30,9.60,8.73,,,,,,,9.47,8.80,,,,,,,9.60,8.87,,,,,,,9.47,8.80,,,,,,
2026-04-20 10:21:35,9,11.7,,,,,,,10,15.6,,,,,,,9,11.5,,,,,,,9.93,15.6,,,,,,
2026-04-20 10:21:40,26,33.8,,,,,,,32,41.2,,,,,,,26,33.8,,,,,,,32,41.2,,,,,,
2026-04-20 10:21:45,58.6,70.6,,,,,,,67.1,86.2,,,,,,,58.6,70.6,,,,,,,67.1,86.1,,,,,,
2026-04-20 10:21:50,108,118,,,,,,,116,130,,,,,,,108,118,,,,,,,116,130,,,,,,
2026-04-20 10:21:55,141,147,,,,,,,144,155,,,,,,,141,147,,,,,,,144,155,,,,,,
2026-04-20 10:22:00,159,161,,,,,,,161,160,,,,,,,159,161,,,,,,,161,160,,,,,,
2026-04-20 10:22:05,160,156,,,,,,,157,152,,,,,,,161,156,,,,,,,157,152,,,,,,
2026-04-20 10:22:10,142,135,,,,,,,138,128,,,,,,,142,136,,,,,,,138,128,,,,,,
2026-04-20 10:22:15,112,98.9,,,,,,,102,83.4,,,,,,,112,98.7,,,,,,,102,83.5,,,,,,
2026-04-20 10:22:20,61,52.2,,,,,,,55,40.2,,,,,,,61,52.2,,,,,,,55,40.2,,,,,,
2026-04-20 10:22:25,29,21.8,,,,,,,23.7,13.6,,,,,,,29,21.8,,,,,,,23.7,13.6,,,,,,
2026-04-20 10:22:30,8.20,7.93,,,,,,,8.67,8.20,,,,,,,8.20,8.07,,,,,,,8.67,8.20,,,,,,
2026-04-20 10:22:35,8.20,7.93,,,,,,,7.40,7.80,,,,,,,8.20,7.93,,,,,,,7.40,7.80,,,,,,
2026-04-20 10:22:40,12.4,23.2,,,,,,,20.7,33.9,,,,,,,12.4,23.3,,,,,,,20.5,33.9,,,,,,
2026-04-20 10:22:45,51,61.8,,,,,,,58.7,76.8,,,,,,,51,61.9,,,,,,,58.5,76.8,,,,,,
2026-04-20 10:22:50,98.2,111,,,,,,,108,127,,,,,,,98.2,111,,,,,,,108,127,,,,,,
2026-04-20 10:22:55,143,145,,,,,,,143,149,,,,,,,143,145,,,,,,,143,149,,,,,,
2026-04-20 10:23:00,153,155,,,,,,,155,154,,,,,,,153,155,,,,,,,155,155,,,,,,
2026-04-20 10:23:05,155,154,,,,,,,155,154,,,,,,,155,154,,,,,,,155,154,,,,,,
2026-04-20 10:23:10,155,155,,,,,,,155,155,,,,,,,154,155,,,,,,,155,155,,,,,,
2026-04-20 10:23:15,156,155,,,,,,,154,155,,,,,,,155,155,,,,,,,154,155,,,,,,
2026-04-20 10:23:20,154,155,,,,,,,155,156,,,,,,,154,156,,,,,,,155,156,,,,,,
2026-04-20 10:23:25,159,159,,,,,,,159,161,,,,,,,159,159,,,,,,,159,160,,,,,,
2026-04-20 10:23:30,164,165,,,,,,,166,168,,,,,,,164,165,,,,,,,165,168,,,,,,
2026-04-20 10:23:35,171,172,,,,,,,171,172,,,,,,,171,172,,,,,,,171,172,,,,,,
2026-04-20 10:23:40,172,174,,,,,,,174,173,,,,,,,172,174,,,,,,,174,173,,,,,,
2026-04-20 10:23:45,174,173,,,,,,,173,172,,,,,,,174,173,,,,,,,173,173,,,,,,
2026-04-20 10:23:50,173,173,,,,,,,174,174,,,,,,,173,173,,,,,,,174,174,,,,,,
2026-04-20 10:23:55,174,173,,,,,,,172,173,,,,,,,174,173,,,,,,,172,174,,,,,,
2026-04-20 10:24:00,173,174,,,,,,,174,173,,,,,,,172,174,,,,,,,174,173,,,,,,
2026-04-20 10:24:05,176,177,,,,,,,177,178,,,,,,,176,177,,,,,,,177,178,,,,,,
2026-04-20 10:24:10,182,184,,,,,,,184,187,,,,,,,182,184,,,,,,,184,187,,,,,,
2026-04-20 10:24:15,190,191,,,,,,,190,194,,,,,,,190,191,,,,,,,190,194,,,,,,
2026-04-20 10:24:20,193,195,,,,,,,195,196,,,,,,,193,195,,,,,,,195,196,,,,,,
2026-04-20 10:24:25,196,196,,,,,,,196,195,,,,,,,197,196,,,,,,,196,195,,,,,,
2026-04-20 10:24:30,196,196,,,,,,,197,196,,,,,,,196,196,,,,,,,197,197,,,,,,
2026-04-20 10:24:35,197,196,,,,,,,195,196,,,,,,,196,196,,,,,,,195,196,,,,,,
2026-04-20 10:24:40,195,196,,,,,,,196,196,,,,,,,195,196,,,,,,,196,196,,,,,,
2026-04-20 10:24:45,200,207,,,,,,,205,215,,,,,,,200,207,,,,,,,205,215,,,,,,
2026-04-20 10:24:50,228,237,,,,,,,235,249,,,,,,,228,237,,,,,,,235,249,,,,,,
2026-04-20 10:24:55,265,273,,,,,,,270,285,,,,,,,264,274,,,,,,,270,284,,,,,,
2026-04-20 10:25:00,295,298,,,,,,,297,300,,,,,,,295,299,,,,,,,298,301,,,,,,
2026-04-20 10:25:05,306,304,,,,,,,304,303,,,,,,,304,305,,,,,,,304,304,,,,,,
2026-04-20 10:25:10,307,305,,,,,,,304,305,,,,,,,305,305,,,,,,,306,306,,,,,,
2026-04-20 10:25:15,309,306,,,,,,,305,306,,,,,,,306,307,,,,,,,306,306,,,,,,
2026-04-20 10:25:20,306,307,,,,,,,306,306,,,,,,,305,307,,,,,,,307,306,,,,,,
2026-04-20 10:25:25,306,306,,,,,,,306,306,,,,,,,306,306,,,,,,,306,306,,,,,,
2026-04-20 10:25:30,306,306,,,,,,,306,306,,,,,,,305,306,,,,,,,307,307,,,,,,
2026-04-20 10:25:35,307,306,,,,,,,304,305,,,,,,,306,305,,,,,,,305,306,,,,,,
2026-04-20 10:25:40,306,306,,,,,,,306,304,,,,,,,304,306,,,,,,,306,305,,,,,,
2026-04-20 10:25:45,307,305,,,,,,,305,304,,,,,,,305,305,,,,,,,305,304,,,,,,
2026-04-20 10:25:50,306,304,,,,,,,305,305,,,,,,,304,305,,,,,,,306,306,,,,,,
2026-04-20 10:25:55,307,304,,,,,,,303,305,,,,,,,305,305,,,,,,,304,307,,,,,,
2026-04-20 10:26:00,307,306,,,,,,,305,305,,,,,,,303,306,,,,,,,306,307,,,,,,
2026-04-20 10:26:05,307,304,,,,,,,304,302,,,,,,,305,305,,,,,,,305,304,,,,,,
2026-04-20 10:26:10,306,304,,,,,,,304,302,,,,,,,303,304,,,,,,,305,304,,,,,,
2026-04-20 10:26:15,305,303,,,,,,,302,302,,,,,,,303,303,,,,,,,303,304,,,,,,
2026-04-20 10:26:20,303,304,,,,,,,304,303,,,,,,,302,304,,,,,,,304,304,,,,,,
2026-04-20 10:26:25,305,305,,,,,,,305,304,,,,,,,305,304,,,,,,,305,305,,,,,,
2026-04-20 10:26:30,305,304,,,,,,,305,306,,,,,,,304,305,,,,,,,305,306,,,,,,
2026-04-20 10:26:35,308,305,,,,,,,304,306,,,,,,,306,306,,,,,,,305,307,,,,,,
2026-04-20 10:26:40,306,304,,,,,,,305,305,,,,,,,304,305,,,,,,,306,306,,,,,,
2026-04-20 10:26:45,308,304,,,,,,,304,304,,,,,,,305,304,,,,,,,306,305,,,,,,
2026-04-20 10:26:50,307,304,,,,,,,305,305,,,,,,,304,304,,,,,,,306,307,,,,,,
2026-04-20 10:26:55,309,306,,,,,,,305,307,,,,,,,306,305,,,,,,,306,307,,,,,,
2026-04-20 10:27:00,306,308,,,,,,,308,307,,,,,,,307,307,,,,,,,308,308,,,,,,
2026-04-20 10:27:05,308,309,,,,,,,309,307,,,,,,,309,308,,,,,,,308,307,,,,,,
2026-04-20 10:27:10,306,307,,,,,,,308,307,,,,,,,307,307,,,,,,,308,308,,,,,,
2026-04-20 10:27:15,308,307,,,,,,,306,306,,,,,,,306,306,,,,,,,306,307,,,,,,
2026-04-20 10:27:20,306,307,,,,,,,306,306,,,,,,,304,307,,,,,,,307,307,,,,,,
2026-04-20 10:27:25,310,307,,,,,,,307,306,,,,,,,307,308,,,,,,,307,306,,,,,,
2026-04-20 10:27:30,308,307,,,,,,,307,308,,,,,,,306,308,,,,,,,308,308,,,,,,
2026-04-20 10:27:35,309,307,,,,,,,307,308,,,,,,,307,308,,,,,,,307,307,,,,,,
2026-04-20 10:27:40,297,286,,,,,,,288,270,,,,,,,297,286,,,,,,,290,270,,,,,,
2026-04-20 10:27:45,249,226,,,,,,,232,194,,,,,,,249,225,,,,,,,233,194,,,,,,
2026-04-20 10:27:50,151,126,,,,,,,133,95.9,,,,,,,151,126,,,,,,,134,96.1,,,,,,
2026-04-20 10:27:55,61.4,48.3,,,,,,,51.4,33.3,,,,,,,61.4,48.3,,,,,,,51.4,33.3,,,,,,
2026-04-20 10:28:00,10.8,9,,,,,,,9,8.27,,,,,,,10.8,9,,,,,,,9,8.27,,,,,,
2026-04-20 10:28:05,8.20,7.40,,,,,,,7.53,7.60,,,,,,,8.20,7.40,,,,,,,7.53,7.60,,,,,,
2026-04-20 10:28:10,40,58.1,,,,,,,53.3,82.2,,,,,,,40.1,58.1,,,,,,,53.3,82.3,,,,,,
2026-04-20 10:28:15,126,150,,,,,,,143,169,,,,,,,125,150,,,,,,,143,169,,,,,,
2026-04-20 10:28:20,199,212,,,,,,,212,211,,,,,,,198,213,,,,,,,212,212,,,,,,
2026-04-20 10:28:25,181,162,,,,,,,167,138,,,,,,,180,163,,,,,,,167,138,,,,,,
2026-04-20 10:28:30,95.1,71.1,,,,,,,77.7,52.1,,,,,,,95,71.1,,,,,,,77.7,52.1,,,,,,
2026-04-20 10:28:35,22.2,8.53,,,,,,,8.40,8.73,,,,,,,22.2,8.53,,,,,,,8.40,8.73,,,,,,
2026-04-20 10:28:40,7.40,8.20,,,,,,,8.20,7.67,,,,,,,7.40,8.20,,,,,,,8.20,7.67,,,,,,
2026-04-20 10:28:45,8.20,7.40,,,,,,,7.53,7.40,,,,,,,8.20,7.40,,,,,,,7.53,7.40,,,,,,
2026-04-20 10:28:50,7.40,7.87,,,,,,,8.07,8.20,,,,,,,7.40,7.87,,,,,,,8.07,8.20,,,,,,
2026-04-20 10:28:55,8.20,7.73,,,,,,,7.40,7.93,,,,,,,8.20,7.73,,,,,,,7.40,7.93,,,,,,
2026-04-20 10:29:00,7.40,8.20,,,,,,,8.20,7.67,,,,,,,7.40,8.20,,,,,,,8.20,7.67,,,,,,
2026-04-20 10:29:05,8.20,7.40,,,,,,,7.53,7.40,,,,,,,8.20,7.40,,,,,,,7.53,7.40,,,,,,
2026-04-20 10:29:10,7.40,7.87,,,,,,,8.07,8.20,,,,,,,7.40,7.87,,,,,,,8.07,8.20,,,,,,
2026-04-20 10:29:15,8.20,7.73,,,,,,,7.40,7.93,,,,,,,8.20,7.73,,,,,,,7.40,7.93,,,,,,
2026-04-20 10:29:20,7.40,8.20,,,,,,,8.20,7.60,,,,,,,7.40,8.20,,,,,,,8.20,7.60,,,,,,
2026-04-20 10:29:25,8.20,7.40,,,,,,,7.53,7.40,,,,,,,8.13,7.40,,,,,,,7.60,7.40,,,,,,
2026-04-20 10:29:30,7.40,7.87,,,,,,,8.07,8.20,,,,,,,7.33,7.87,,,,,,,8.13,8.20,,,,,,
2026-04-20 10:29:35,8.13,7.73,,,,,,,7.40,8,,,,,,,8.07,7.73,,,,,,,7.47,8,,,,,,
2026-04-20 10:29:40,7.40,8.20,,,,,,,8.20,7.60,,,,,,,7.40,8.20,,,,,,,8.20,7.60,,,,,,
2026-04-20 10:29:45,8.20,7.40,,,,,,,7.53,7.40,,,,,,,8.20,7.40,,,,,,,7.53,7.40,,,,,,
2026-04-20 10:29:50,7.47,7.87,,,,,,,8.07,8.20,,,,,,,7.47,7.87,,,,,,,8.07,8.20,,,,,,
2026-04-20 10:29:55,8.13,7.73,,,,,,,7.40,8,,,,,,,8.13,7.73,,,,,,,7.40,8,,,,,,
2026-04-20 10:30:00,7.40,8.20,,,,,,,8.20,7.60,,,,,,,7.40,8.20,,,,,,,8.20,7.60,,,,,,
2026-04-20 10:30:05,8.20,7.40,,,,,,,7.53,7.40,,,,,,,8.20,7.40,,,,,,,7.53,7.40,,,,,,
2026-04-20 10:30:10,7.47,7.87,,,,,,,8.07,8.20,,,,,,,7.47,7.87,,,,,,,7.93,8.20,,,,,,
2026-04-20 10:30:15,8.07,7.73,,,,,,,7.40,8,,,,,,,8.07,7.73,,,,,,,7.40,8,,,,,,
2026-04-20 10:30:20,7.40,8.20,,,,,,,8.20,7.60,,,,,,,7.40,8.20,,,,,,,8.20,7.60,,,,,,
2026-04-20 10:30:25,8.20,7.40,,,,,,,7.53,7.40,,,,,,,8.20,7.40,,,,,,,7.67,7.40,,,,,,
2026-04-20 10:30:30,7.53,7.87,,,,,,,7.87,8.20,,,,,,,7.53,7.87,,,,,,,7.87,8.20,,,,,,
2026-04-20 10:30:35,8.07,7.73,,,,,,,7.40,8,,,,,,,8.07,7.73,,,,,,,7.40,8,,,,,,
2026-04-20 10:30:40,7.40,8.20,,,,,,,8.20,7.60,,,,,,,7.40,8.20,,,,,,,8.20,7.60,,,,,,
2026-04-20 10:30:45,8.20,7.40,,,,,,,7.73,7.40,,,,,,,8.20,7.40,,,,,,,7.73,7.40,,,,,,
2026-04-20 10:30:50,7.53,7.87,,,,,,,7.87,8.20,,,,,,,7.53,7.87,,,,,,,7.87,8.20,,,,,,
2026-04-20 10:30:55,8.07,7.73,,,,,,,7.40,8,,,,,,,8.07,7.73,,,,,,,7.40,8,,,,,,
2026-04-20 10:31:00,7.40,8.20,,,,,,,8.20,7.60,,,,,,,7.40,8.20,,,,,,,8.20,7.60,,,,,,
2026-04-20 10:31:05,8.20,7.40,,,,,,,7.73,7.40,,,,,,,8.20,7.40,,,,,,,7.73,7.40,,,,,,
2026-04-20 10:31:10,7.53,7.87,,,,,,,7.87,8.20,,,,,,,7.53,7.87,,,,,,,7.87,8.20,,,,,,
2026-04-20 10:31:15,8.07,7.73,,,,,,,7.40,8,,,,,,,8.07,7.73,,,,,,,7.40,8.07,,,,,,
2026-04-20 10:31:20,7.40,8.20,,,,,,,8.20,7.53,,,,,,,7.40,8.20,,,,,,,8.13,7.60,,,,,,
2026-04-20 10:31:25,8.20,7.40,,,,,,,7.73,7.40,,,,,,,8.20,7.40,,,,,,,7.67,7.47,,,,,,
2026-04-20 10:31:30,7.53,7.87,,,,,,,7.87,8.20,,,,,,,7.53,7.87,,,,,,,7.80,8.20,,,,,,
2026-04-20 10:31:35,8.07,7.73,,,,,,,7.40,8.07,,,,,,,8.07,7.73,,,,,,,7.40,8.07,,,,,,
2026-04-20 10:31:40,7.40,8.20,,,,,,,8.20,7.53,,,,,,,7.40,8.20,,,,,,,8.20,7.53,,,,,,
2026-04-20 10:31:45,8.20,7.40,,,,,,,7.73,7.40,,,,,,,8.20,7.47,,,,,,,7.67,7.40,,,,,,
2026-04-20 10:31:50,7.53,7.87,,,,,,,7.87,8.20,,,,,,,7.53,7.93,,,,,,,7.80,8.20,,,,,,
2026-04-20 10:31:55,8.07,7.73,,,,,,,7.40,8.07,,,,,,,8.07,7.80,,,,,,,7.33,8.07,,,,,,
2026-04-20 10:32:00,7.40,8.20,,,,,,,8.20,7.53,,,,,,,7.40,8.20,,,,,,,8.20,7.53,,,,,,
2026-04-20 10:32:05,8.20,7.40,,,,,,,7.73,7.40,,,,,,,8.20,7.40,,,,,,,7.73,7.40,,,,,,
2026-04-20 10:32:10,7.53,7.87,,,,,,,7.87,8.20,,,,,,,7.53,7.87,,,,,,,7.87,8.20,,,,,,
2026-04-20 10:32:15,8.07,7.73,,,,,,,7.40,8.07,,,,,,,8.07,7.73,,,,,,,7.40,8.07,,,,,,
2026-04-20 10:32:20,7.40,8.20,,,,,,,8.20,7.53,,,,,,,7.40,8.20,,,,,,,8.20,7.53,,,,,,
2026-04-20 10:32:25,8.20,7.40,,,,,,,7.73,7.40,,,,,,,8.20,7.40,,,,,,,7.73,7.40,,,,,,
2026-04-20 10:32:30,7.53,7.87,,,,,,,7.87,8.20,,,,,,,7.53,7.87,,,,,,,7.67,8.20,,,,,,
2026-04-20 10:32:35,8.07,7.73,,,,,,,7.40,8.07,,,,,,,8.07,7.73,,,,,,,7.40,8.07,,,,,,
2026-04-20 10:32:40,7.40,8.20,,,,,,,8.20,7.53,,,,,,,7.40,8.20,,,,,,,8.20,7.53,,,,,,
2026-04-20 10:32:45,8.20,7.40,,,,,,,7.73,7.40,,,,,,,8.20,7.40,,,,,,,7.93,7.40,,,,,,
2026-04-20 10:32:50,7.53,7.87,,,,,,,7.67,8.20,,,,,,,7.53,7.87,,,,,,,7.67,8.20,,,,,,
2026-04-20 10:32:55,8.07,7.73,,,,,,,7.40,8.07,,,,,,,8.07,7.73,,,,,,,7.40,8.07,,,,,,
2026-04-20 10:33:00,7.40,8.20,,,,,,,8.20,7.53,,,,,,,7.40,8.20,,,,,,,8.20,7.53,,,,,,
2026-04-20 10:33:05,8.20,7.40,,,,,,,7.93,7.40,,,,,,,8.20,7.40,,,,,,,7.93,7.40,,,,,,
2026-04-20 10:33:10,7.53,7.87,,,,,,,7.67,8.20,,,,,,,7.53,7.87,,,,,,,7.67,8.20,,,,,,
2026-04-20 10:33:15,8.07,7.73,,,,,,,7.40,8.07,,,,,,,8.07,7.73,,,,,,,7.40,8.07,,,,,,
2026-04-20 10:33:20,7.40,8.20,,,,,,,8.20,7.47,,,,,,,7.40,8.20,,,,,,,8.20,7.47,,,,,,
2026-04-20 10:33:25,8.20,7.40,,,,,,,7.93,7.40,,,,,,,8.20,7.40,,,,,,,7.93,7.40,,,,,,
2026-04-20 10:33:30,7.53,7.87,,,,,,,7.67,8.20,,,,,,,7.53,7.87,,,,,,,7.67,8.20,,,,,,
2026-04-20 10:33:35,8.07,7.73,,,,,,,7.40,8.13,,,,,,,8.07,7.73,,,,,,,7.40,8.13,,,,,,
2026-04-20 10:33:40,7.40,8.20,,,,,,,8.20,7.47,,,,,,,7.40,8.20,,,,,,,8.20,7.47,,,,,,
2026-04-20 10:33:45,8.20,7.40,,,,,,,7.93,7.40,,,,,,,8.20,7.40,,,,,,,7.93,7.40,,,,,,
2026-04-20 10:33:50,7.53,7.87,,,,,,,7.67,8.20,,,,,,,7.53,7.87,,,,,,,7.67,8.20,,,,,,
2026-04-20 10:33:55,8.07,7.73,,,,,,,7.40,8.13,,,,,,,8.07,7.73,,,,,,,7.40,8,,,,,,
2026-04-20 10:34:00,7.40,8.20,,,,,,,8.20,7.47,,,,,,,7.40,8.20,,,,,,,8.33,7.33,,,,,,
2026-04-20 10:34:05,8.20,7.40,,,,,,,7.93,7.40,,,,,,,8.20,7.40,,,,,,,8.07,7.27,,,,,,
2026-04-20 10:34:10,7.53,7.87,,,,,,,7.67,8.20,,,,,,,7.53,7.87,,,,,,,7.80,8.20,,,,,,
2026-04-20 10:34:15,8.07,7.73,,,,,,,7.40,8.13,,,,,,,8.07,7.73,,,,,,,7.40,8.13,,,,,,
2026-04-20 10:34:20,7.40,8.20,,,,,,,8.20,7.47,,,,,,,7.40,8.20,,,,,,,8.20,7.47,,,,,,
2026-04-20 10:34:25,8.20,7.40,,,,,,,7.93,7.40,,,,,,,8.20,7.40,,,,,,,7.93,7.40,,,,,,
2026-04-20 10:34:30,7.53,7.87,,,,,,,7.67,8.20,,,,,,,7.53,7.87,,,,,,,7.67,8.20,,,,,,
2026-04-20 10:34:35,8.07,7.67,,,,,,,7.40,8.13,,,,,,,8.07,7.67,,,,,,,7.40,8.13,,,,,,
2026-04-20 10:34:40,7.40,8.20,,,,,,,8.20,7.80,,,,,,,7.40,8.20,,,,,,,8.20,7.80,,,,,,
2026-04-20 10:34:45,5.58,6.07,,,,,,,6.54,4.00,,,,,,,5.58,6.07,,,,,,,6.54,4.00,,,,,,
2026-04-20 10:34:50,3.25,4.34,,,,,,,4.60,0.0667,,,,,,,3.25,4.34,,,,,,,4.60,0.0667,,,,,,
2026-04-20 10:34:55,0.467,0.533,,,,,,,0.0667,2.20,1.97,,,,,,0.467,0.533,,,,,,,0.0667,2.36,2.09,,,,,
2026-04-20 10:35:00,6.66,5.59,,,,,,,5.73,6.12,6.82,4.96,5.05,5.03,,,6.75,5.73,,,,,,,5.30,6.28,6.50,4.88,5.12,4.72,,
2026-04-20 10:35:05,9.72,8.63,,,,,,,8.65,9.74,10.4,9.03,8.48,9.74,,,11.0,9.10,,,,,,,7.91,9.69,10.2,9.03,8.18,9.34,,
2026-04-20 10:35:10,16.4,15.1,,,,,,,15.9,15.5,15.9,15.6,15.8,14.6,,,17.7,15.1,,,,,,,15.8,16.0,15.5,15.4,15.2,13.9,,
2026-04-20 10:35:15,17.4,16.2,,,,,,,16.1,15.4,15.3,17.1,17.1,16.5,,,18.5,16.5,,,,,,,16.1,15.7,15.3,17.1,16.6,15.9,,
2026-04-20 10:35:20,16.5,15.6,,,,,,,15.7,14.7,14.4,15.4,16.4,13.5,,,16.1,15.7,,,,,,,15.9,15.3,14.3,15.3,16.3,13.5,,
2026-04-20 10:35:25,11.1,11.5,,,,,,,9.93,10.8,10.5,11.2,10.7,11,,,10.9,12.3,,,,,,,9.33,11.1,10.4,11.1,11,11,,
2026-04-20 10:35:30,10.3,10.7,,,,,,,11.1,11.1,10.9,11.3,11.1,10,,,10.3,10.7,,,,,,,10.9,11.7,10.7,10.8,11.6,10.1,,
2026-04-20 10:35:35,10.7,10.8,,,,,,,10.5,10.7,9.93,11.1,10.8,11,,,10.9,10.8,,,,,,,10.2,11.5,9.87,10.5,11.7,10.4,,
2026-04-20 10:35:40,11.5,10.1,,,,,,,11.3,10.7,10.8,10.4,11,10.7,,,11.3,9.80,,,,,,,11.1,11.2,11.1,10.1,11.6,10.3,,
2026-04-20 10:35:45,12.1,13.4,,,,,,,12.3,14.4,14.1,11.4,13.3,15.3,,,11.8,13.1,,,,,,,11.9,14.7,15.3,11.1,14.3,14.3,,
2026-04-20 10:35:50,16.5,18.5,,,,,,,19,19.9,20.1,17.7,18.7,19,,,16.5,18.1,,,,,,,18.9,19.1,22.1,16.9,19.3,18.2,,
2026-04-20 10:35:55,23.1,23.6,,,,,,,23.3,24.8,24.5,23.8,23.9,24.8,,,23.1,24,,,,,,,23.4,23.5,26.9,22.7,24.5,23.8,,
2026-04-20 10:36:00,27.3,25.9,,,,,,,27.7,28.7,28.3,27.5,27.2,26.2,,,27,26.9,,,,,,,27.5,27.5,30.2,26.9,26.2,26,,
2026-04-20 10:36:05,28.1,28,,,,,,,27.3,29.1,28.7,27.3,29,29.3,,,27.6,28.6,,,,,,,28,28.1,30,27.5,28.1,29.3,,
2026-04-20 10:36:10,29.2,30.1,,,,,,,30.5,31.5,31.1,29.5,31.2,29.7,,,28.1,30.1,,,,,,,31.1,32.5,31.5,29.5,30.3,29.9,,
2026-04-20 10:36:15,29.9,29.8,,,,,,,29.3,28.1,27.8,30,30,29.5,,,29.9,29.3,,,,,,,29.7,29.5,27.1,30.1,29.7,29.3,,
2026-04-20 10:36:20,28.7,25.7,,,,,,,27.5,27,27.1,27.9,26.5,25.5,,,28.3,25.3,,,,,,,26.9,28.7,26.2,27.8,26.6,25.2,,
2026-04-20 10:36:25,23.8,22.6,,,,,,,22.3,22.3,21.8,23,22.9,23.4,,,23.8,22.5,,,,,,,21.1,21.9,21.3,23.3,23.2,23.7,,
2026-04-20 10:36:30,20.7,21.5,,,,,,,22.1,21.2,21.2,21.2,22,21.1,,,19.7,21.9,,,,,,,21.8,19.9,21.1,21.5,22.4,21.7,,
2026-04-20 10:36:35,20.3,20.9,,,,,,,20.1,18.5,18,20.9,20.7,20.3,,,20.1,22.3,,,,,,,19.5,17.3,18.4,21.3,21,20.7,,
2026-04-20 10:36:40,19.3,18.7,,,,,,,19.1,17.5,17.9,19.7,18.7,17.2,,,18.9,19.5,,,,,,,18.8,17,18.6,19.9,19,17.4,,
2026-04-20 10:36:45,16.1,15.1,,,,,,,14.5,14.2,14.2,16.1,14.9,14.5,,,15.8,15.6,,,,,,,13.8,14,15.1,16.4,15.4,14.4,,
2026-04-20 10:36:50,12.4,12.4,,,,,,,12.7,12.2,12.6,12.9,12.7,11.7,,,11.4,12.3,,,,,,,12.5,12.6,12.9,13.3,12.7,11.7,,
2026-04-20 10:36:55,10.5,10.8,,,,,,,10.5,10.1,10.3,11.1,10.8,11,,,9.93,10.9,,,,,,,10,10.5,10.2,11.6,11.1,10.7,,
2026-04-20 10:37:00,10.7,10.4,,,,,,,11.5,14.1,13.2,10.5,10.6,10.4,,,10.6,10.7,,,,,,,10.9,15.2,13,10.5,11.1,9.93,,
2026-04-20 10:37:05,19.3,23.5,,,,,,,21.8,27.7,26.5,19.8,22.7,25.9,,,19.3,22.7,,,,,,,21.6,27.5,27,19.3,22.9,26.9,,
2026-04-20 10:37:10,36.5,42.3,,,,,,,41.5,51.3,48.8,37.9,41.7,45.5,,,37.1,42.5,,,,,,,42.2,50.3,48.8,36.5,42.2,44.6,,
2026-04-20 10:37:15,63.1,69.3,,,,,,,66.7,73.7,72.7,64.3,68.5,72.7,,,64.5,70.6,,,,,,,66.6,72.9,71.7,65.3,68.7,71.3,,
2026-04-20 10:37:20,80.9,83,,,,,,,83.2,88.6,88,81.7,83.3,84,,,81.4,85.8,,,,,,,80.8,88.2,85.9,84.3,83.4,81.9,,
2026-04-20 10:37:25,90.0,92.3,,,,,,,89.9,91.9,92.3,90.9,91.9,91.8,,,90.3,95.7,,,,,,,87.4,92.9,90.7,94.8,90.4,90.9,,
2026-04-20 10:37:30,90.4,92.9,,,,,,,92.1,90.5,91.5,92.7,92.5,91.2,,,89.4,95.7,,,,,,,88.9,89.5,90.1,95.6,90.6,92,,
2026-04-20 10:37:35,84.3,82.7,,,,,,,81.5,75.6,76.2,84.9,81.3,79.4,,,83.6,83.1,,,,,,,80.5,75.2,75.6,87.9,81.9,78.3,,
2026-04-20 10:37:40,69.5,64,,,,,,,66.3,57.1,58.5,68.9,63.5,59.7,,,69.2,62.9,,,,,,,65.1,56.1,57.5,71.1,64.9,59.3,,
2026-04-20 10:37:45,45.6,39.5,,,,,,,39.7,33.7,34.3,43.8,38.7,37,,,45.1,37.8,,,,,,,40.2,34.1,34.4,45.7,40.7,35.7,,
2026-04-20 10:37:50,26.9,23.6,,,,,,,25,20.3,20.7,26.5,23.9,21.9,,,26.9,23.5,,,,,,,24.7,20.4,20.7,27.2,24.2,21.5,,
2026-04-20 10:37:55,15.6,14.1,,,,,,,13.5,12.5,11.5,15.2,13.9,14.5,,,14.8,13.9,,,,,,,12.7,12,11.9,16.3,14.1,14.7,,
2026-04-20 10:38:00,12.4,11,,,,,,,12.5,11.1,10.3,12.3,12.3,10.5,,,12.7,11.2,,,,,,,11.9,10.6,10.2,11.9,12.6,10.7,,
2026-04-20 10:38:05,10.7,10.5,,,,,,,10.1,10.3,10,10.8,11.5,11.6,,,11.3,10.7,,,,,,,10.1,10,9.93,10.2,11.7,11.9,,
2026-04-20 10:38:10,11,10.1,,,,,,,11.3,10.5,10.7,10.9,11.7,10.9,,,11.3,10.4,,,,,,,11.4,10.7,10.5,10.3,11.9,10.8,,
2026-04-20 10:38:15,10.6,10.4,,,,,,,10.3,10.1,10.1,11.3,10.9,11.9,,,10.7,10.6,,,,,,,10,10.3,9.93,11.5,10.7,11.8,,
2026-04-20 10:38:20,14.9,17.6,,,,,,,17.6,27.4,26.1,16,18.1,22.1,,,14.9,17.2,,,,,,,17.8,29.7,26.2,16.3,16.5,21.8,,
2026-04-20 10:38:25,38.1,45.5,,,,,,,42.4,55.5,53.1,39.8,45.3,49.9,,,38.6,45.5,,,,,,,43.5,59.4,53,39.7,41.8,50.5,,
2026-04-20 10:38:30,79,92.1,,,,,,,89,108,105,82.4,92.4,98.3,,,80.4,92.5,,,,,,,88.9,111,104,81.8,87.4,99.2,,
2026-04-20 10:38:35,127,136,,,,,,,134,143,141,129,137,140,,,131,136,,,,,,,132,145,138,128,133,141,,
2026-04-20 10:38:40,156,160,,,,,,,161,168,167,157,162,163,,,158,160,,,,,,,160,170,167,156,160,162,,
2026-04-20 10:38:45,167,166,,,,,,,166,167,167,166,168,168,,,167,166,,,,,,,167,170,169,165,166,166,,
2026-04-20 10:38:50,163,159,,,,,,,162,153,154,162,161,157,,,161,159,,,,,,,163,155,156,163,157,155,,
2026-04-20 10:38:55,142,136,,,,,,,137,124,126,140,135,132,,,141,136,,,,,,,138,123,128,141,130,132,,
2026-04-20 10:39:00,104,90,,,,,,,94.7,76.1,78.2,101,90.3,82.8,,,105,90.7,,,,,,,94.5,74.8,78.4,103,86.1,83.6,,
2026-04-20 10:39:05,57.3,47.2,,,,,,,48.7,38.3,39.7,54.6,46.4,43.1,,,57.5,49.3,,,,,,,49.2,36,40.6,55.6,44.9,43.4,,
2026-04-20 10:39:10,26.3,19.4,,,,,,,21.8,14.6,14.4,24.7,20.1,16,,,26.5,19.5,,,,,,,21.5,14.1,14.3,26.7,20.3,15.5,,
2026-04-20 10:39:15,12.5,12.5,,,,,,,11.7,10.5,10.3,12.3,12.5,12.2,,,13.1,12.2,,,,,,,12.1,10.8,10.6,12.7,13,11.5,,
2026-04-20 10:39:20,10.1,10.5,,,,,,,11.3,11.3,10.9,10.3,11.3,10.9,,,10.2,10.1,,,,,,,11.7,11.7,11.9,9.87,11.3,10.7,,
2026-04-20 10:39:25,10.1,11.1,,,,,,,10.7,10.3,10.4,10.4,10.8,11.9,,,10.1,11,,,,,,,10.5,10.1,11,9.80,10.7,11.6,,
2026-04-20 10:39:30,10.5,10.3,,,,,,,11.5,11.6,10.9,10.8,10.8,10.9,,,10.2,10.6,,,,,,,10.9,11.2,11.3,11.1,10.3,11.3,,
2026-04-20 10:39:35,11.1,11,,,,,,,10.4,11.1,10.5,10.7,10.3,11.1,,,11.1,11.1,,,,,,,9.67,10.5,10.7,11.1,10.1,11.3,,
2026-04-20 10:39:40,17.9,23.5,,,,,,,21.2,37.1,34.9,18.1,23,28.3,,,17.7,24.5,,,,,,,21.1,36.1,35.1,17.9,22.8,29.9,,
2026-04-20 10:39:45,54.7,67.4,,,,,,,63.3,81.9,79.8,56.8,66.6,74.9,,,55.5,69.2,,,,,,,63.7,82.5,78.9,53.5,65.2,76.5,,
2026-04-20 10:39:50,102,115,,,,,,,113,130,128,105,115,122,,,103,116,,,,,,,113,132,127,103,116,120,,
2026-04-20 10:39:55,145,150,,,,,,,150,152,151,146,150,151,,,145,151,,,,,,,150,153,152,143,153,146,,
2026-04-20 10:40:00,155,154,,,,,,,155,156,155,155,153,153,,,155,154,,,,,,,154,157,160,152,158,147,,
2026-04-20 10:40:05,155,155,,,,,,,153,155,155,154,154,155,,,153,157,,,,,,,151,153,158,155,154,153,,
2026-04-20 10:40:10,154,156,,,,,,,156,155,156,155,155,155,,,154,156,,,,,,,153,154,158,159,152,157,,
2026-04-20 10:40:15,156,156,,,,,,,156,154,154,156,156,156,,,155,156,,,,,,,152,152,153,163,152,157,,
2026-04-20 10:40:20,156,155,,,,,,,157,157,157,156,156,155,,,159,157,,,,,,,154,160,154,156,156,154,,
2026-04-20 10:40:25,158,159,,,,,,,158,161,160,157,159,161,,,159,162,,,,,,,156,167,153,156,159,160,,
2026-04-20 10:40:30,162,164,,,,,,,164,166,165,163,164,165,,,165,166,,,,,,,163,172,160,160,162,164,,
2026-04-20 10:40:35,168,168,,,,,,,168,168,167,168,168,169,,,171,169,,,,,,,168,172,163,168,164,170,,
2026-04-20 10:40:40,170,168,,,,,,,170,171,170,170,169,169,,,175,167,,,,,,,169,173,170,171,165,168,,
2026-04-20 10:40:45,170,170,,,,,,,169,170,169,169,169,170,,,175,168,,,,,,,169,170,171,167,168,170,,
2026-04-20 10:40:50,170,171,,,,,,,170,170,170,169,171,169,,,171,168,,,,,,,171,172,171,168,170,170,,
2026-04-20 10:40:55,172,171,,,,,,,169,169,167,170,171,170,,,173,172,,,,,,,170,168,168,167,168,171,,
2026-04-20 10:41:00,170,170,,,,,,,170,171,170,170,170,169,,,170,173,,,,,,,171,170,168,168,166,174,,
2026-04-20 10:41:05,171,173,,,,,,,170,173,173,171,172,174,,,173,175,,,,,,,171,169,173,168,168,179,,
2026-04-20 10:41:10,174,177,,,,,,,177,178,178,177,177,177,,,175,180,,,,,,,179,175,178,174,176,179,,
2026-04-20 10:41:15,181,183,,,,,,,182,182,181,184,182,183,,,184,187,,,,,,,183,179,179,180,178,183,,
2026-04-20 10:41:20,185,184,,,,,,,185,186,185,186,184,183,,,188,187,,,,,,,190,185,182,183,183,181,,
2026-04-20 10:41:25,186,185,,,,,,,184,186,186,185,184,186,,,189,185,,,,,,,185,185,183,183,185,187,,
2026-04-20 10:41:30,185,186,,,,,,,186,187,187,186,186,185,,,186,186,,,,,,,187,186,184,186,189,186,,
2026-04-20 10:41:35,187,186,,,,,,,185,185,185,187,186,186,,,183,186,,,,,,,187,184,183,187,189,189,,
2026-04-20 10:41:40,186,186,,,,,,,187,187,187,186,186,185,,,183,187,,,,,,,186,186,189,187,187,186,,
2026-04-20 10:41:45,190,195,,,,,,,190,200,199,189,193,197,,,188,190,,,,,,,190,199,208,190,196,199,,
2026-04-20 10:41:50,218,223,,,,,,,219,231,228,213,220,226,,,209,219,,,,,,,217,232,236,217,221,230,,
2026-04-20 10:41:55,271,251,,,,,,,247,259,254,244,250,255,,,239,253,,,,,,,256,265,262,248,249,264,,
2026-04-20 10:42:00,342,268,,,,,,,269,273,270,266,269,272,,,266,284,,,,,,,281,291,279,276,272,287,,
2026-04-20 10:42:05,385,265,,,,,,,268,269,266,267,267,271,,,271,287,,,,,,,288,295,281,284,282,287,,
2026-04-20 10:42:10,406,265,,,,,,,265,263,263,264,262,268,,,268,286,,,,,,,289,287,284,289,282,285,,
2026-04-20 10:42:15,409,267,,,,,,,265,262,261,262,263,266,,,265,282,,,,,,,289,281,279,290,279,284,,
2026-04-20 10:42:20,381,269,,,,,,,268,264,267,262,266,268,,,263,283,,,,,,,288,275,282,281,277,286,,
2026-04-20 10:42:25,351,272,,,,,,,271,270,269,264,272,269,,,263,282,,,,,,,277,280,278,275,282,288,,
2026-04-20 10:42:30,314,272,,,,,,,275,274,274,269,274,271,,,266,278,,,,,,,280,280,283,272,280,285,,
2026-04-20 10:42:35,339,275,,,,,,,273,272,272,271,272,272,,,274,283,,,,,,,277,287,285,278,289,284,,
2026-04-20 10:42:40,357,272,,,,,,,274,273,275,270,269,274,,,272,285,,,,,,,285,285,288,278,289,278,,
2026-04-20 10:42:45,363,271,,,,,,,268,269,270,266,267,274,,,270,290,,,,,,,278,284,282,278,287,280,,
2026-04-20 10:42:50,350,271,,,,,,,269,271,272,270,267,273,,,268,285,,,,,,,280,282,282,280,277,281,,
2026-04-20 10:42:55,367,270,,,,,,,266,265,267,269,265,267,,,273,281,,,,,,,282,282,276,282,277,294,,
2026-04-20 10:43:00,402,268,,,,,,,267,263,270,271,267,264,,,272,283,,,,,,,289,288,283,290,284,296,,
2026-04-20 10:43:05,421,265,,,,,,,262,259,265,265,269,264,,,271,283,,,,,,,287,281,282,291,285,301,,
2026-04-20 10:43:10,425,264,,,,,,,263,262,267,265,268,268,,,265,287,,,,,,,285,285,287,292,289,293,,
2026-04-20 10:43:15,421,260,,,,,,,261,260,261,264,266,267,,,267,282,,,,,,,290,284,281,289,283,288,,
2026-04-20 10:43:20,430,258,,,,,,,261,267,264,263,262,266,,,264,281,,,,,,,288,291,285,291,283,287,,
2026-04-20 10:43:25,421,262,,,,,,,264,266,262,265,266,265,,,265,279,,,,,,,288,285,289,294,285,291,,
2026-04-20 10:43:30,427,265,,,,,,,267,267,263,263,266,264,,,261,285,,,,,,,287,277,296,293,291,290,,
2026-04-20 10:43:35,421,266,,,,,,,269,262,261,265,262,263,,,263,287,,,,,,,288,277,289,291,294,282,,
2026-04-20 10:43:40,430,261,,,,,,,265,264,265,261,256,263,,,265,288,,,,,,,289,282,286,286,285,274,,
2026-04-20 10:43:45,411,267,,,,,,,264,266,265,264,261,267,,,275,287,,,,,,,284,285,287,282,285,278,,
2026-04-20 10:43:50,416,270,,,,,,,265,266,264,262,266,264,,,273,289,,,,,,,287,285,288,282,287,277,,
2026-04-20 10:43:55,404,272,,,,,,,266,263,259,266,267,264,,,275,286,,,,,,,283,287,286,288,290,276,,
2026-04-20 10:44:00,424,268,,,,,,,264,261,260,260,262,260,,,263,279,,,,,,,287,292,288,291,289,273,,
2026-04-20 10:44:05,418,265,,,,,,,259,261,261,261,261,265,,,263,276,,,,,,,282,292,291,296,283,273,,
2026-04-20 10:44:10,426,267,,,,,,,260,261,262,259,262,264,,,258,282,,,,,,,284,290,293,293,281,281,,
2026-04-20 10:44:15,417,266,,,,,,,262,263,260,265,264,267,,,265,287,,,,,,,276,292,282,293,284,286,,
2026-04-20 10:44:20,412,261,,,,,,,264,264,262,260,260,264,,,265,290,,,,,,,274,287,277,283,282,286,,
2026-04-20 10:44:25,407,256,,,,,,,258,259,260,258,262,261,,,264,286,,,,,,,269,286,272,274,284,279,,
2026-04-20 10:44:30,406,250,,,,,,,255,253,255,255,257,253,,,258,284,,,,,,,274,278,273,275,272,279,,
2026-04-20 10:44:35,423,255,,,,,,,256,250,255,255,258,253,,,253,281,,,,,,,277,282,275,276,272,282,,
2026-04-20 10:44:40,409,244,,,,,,,250,231,235,250,244,236,,,248,269,,,,,,,269,256,248,274,254,269,,
2026-04-20 10:44:45,313,188,,,,,,,191,161,166,200,187,176,,,202,204,,,,,,,201,176,173,213,194,194,,
2026-04-20 10:44:50,167,103,,,,,,,109,78.8,82.8,120,105,93,,,125,113,,,,,,,112,82.1,83.7,126,107,101,,
2026-04-20 10:44:55,47.7,34.2,,,,,,,35.3,19.5,22.1,43.2,33.6,28.9,,,47.5,35.5,,,,,,,33.7,19.4,22.7,42.8,34.5,28.5,,
2026-04-20 10:45:00,12.2,11.2,,,,,,,12.9,10.7,11.6,11.8,11.5,10.7,,,12.2,11.5,,,,,,,12.2,10.7,11,11.7,11.8,10.9,,
2026-04-20 10:45:05,10.2,10.7,,,,,,,10.6,9.93,10.8,10.9,11.3,11.1,,,9.73,11.1,,,,,,,10.3,9.67,10.6,10.9,11.6,11.8,,
2026-04-20 10:45:10,10.5,10.3,,,,,,,11,10.6,11.5,10.9,11.5,10.2,,,10.1,10.5,,,,,,,10.9,10.5,11.5,11.1,11.9,10.4,,
2026-04-20 10:45:15,11,11.1,,,,,,,10.1,10,10.9,10.9,10.7,10.7,,,11.1,11.3,,,,,,,10.1,10.1,11,10.5,11.1,10.5,,
2026-04-20 10:45:20,25.1,36.3,,,,,,,33.1,50.2,48.5,27.3,35.7,41.6,,,24.7,36.6,,,,,,,33.5,51.7,49.3,27.5,35.5,40.6,,
2026-04-20 10:45:25,63.7,65.3,,,,,,,63.8,65,65.3,63.5,64.3,65.9,,,60.3,65.9,,,,,,,63.5,65.5,66,63.3,67,65.4,,
2026-04-20 10:45:30,66.3,67,,,,,,,67.3,67.9,67.3,66.3,67.1,67.1,,,62.3,67.2,,,,,,,67.2,68.7,67.3,66.9,70.3,66.6,,
2026-04-20 10:45:35,74.1,77,,,,,,,75.5,79.3,78.5,73.9,75.3,79.2,,,69.8,76.6,,,,,,,74.9,80.6,80.3,72.3,79.1,78.5,,
2026-04-20 10:45:40,97.6,115,,,,,,,110,138,134,103,114,124,,,96.6,113,,,,,,,110,137,136,102,114,126,,
2026-04-20 10:45:45,156,166,,,,,,,163,168,168,159,165,169,,,154,165,,,,,,,162,167,169,157,164,174,,
2026-04-20 10:45:50,148,134,,,,,,,140,119,121,148,136,128,,,147,133,,,,,,,140,116,120,148,135,133,,
2026-04-20 10:45:55,87.1,67.7,,,,,,,73.7,44.5,48.6,83.5,69.5,59.1,,,85.1,68.3,,,,,,,74.3,44.4,47,83.8,68.3,61.2,,
2026-04-20 10:46:00,25.7,14.7,,,,,,,18.8,12.4,13.1,24.3,15.7,11.9,,,25.3,14.1,,,,,,,19.7,12,12.9,25.7,15.9,11.5,,
2026-04-20 10:46:05,12.1,11.1,,,,,,,10.3,10.1,10.5,11.2,11.2,10.8,,,12,10.9,,,,,,,11,9.87,10.5,11.4,11.3,10.5,,
2026-04-20 10:46:10,11.1,10.3,,,,,,,11.1,11.3,11.1,11,11.6,10.4,,,11.3,9.80,,,,,,,11.5,10.9,11.3,11.1,11.7,10.3,,
2026-04-20 10:46:15,11.6,10.2,,,,,,,10.5,10.6,10.1,11.1,10.5,11.3,,,11.6,10.2,,,,,,,10.5,10.7,10.3,11.2,11.1,10.9,,
2026-04-20 10:46:20,10.1,10.5,,,,,,,11.6,11.4,10.9,10.8,11,10.2,,,10.4,9.93,,,,,,,11.4,11.3,11.2,11,11.5,9.47,,
2026-04-20 10:46:25,10.1,11.3,,,,,,,11,10.3,10.1,11,10.1,11.4,,,10.5,11.1,,,,,,,10.8,10.3,10.2,10.9,10.5,10.9,,
2026-04-20 10:46:30,10.1,11.1,,,,,,,11.8,11.1,10.9,11,10.7,10.9,,,10.1,10.9,,,,,,,11.8,10.7,11.3,10.7,11.1,10.9,,
2026-04-20 10:46:35,10.4,10.7,,,,,,,11,10.3,10.3,10.9,10.3,11.9,,,9.87,11.2,,,,,,,11.5,10,10.4,10.2,10.5,11.9,,
2026-04-20 10:46:40,10,10.4,,,,,,,11.6,11.3,11.2,9.93,10.8,10.5,,,9.13,11,,,,,,,12.1,11.1,11.3,9.47,10.9,10.9,,
2026-04-20 10:46:45,10.7,10.7,,,,,,,10.9,10.5,10.7,10.4,10.7,10.5,,,10.2,11.4,,,,,,,11.1,10.7,10.3,10.2,10.4,10.9,,
2026-04-20 10:46:50,11.3,10.8,,,,,,,11.5,10.9,11.1,11.1,10.6,9.67,,,11.2,11,,,,,,,11.7,11.3,10.6,11.1,10.4,10,,
2026-04-20 10:46:55,11.5,11.1,,,,,,,10.6,9.80,10.2,11.7,10.7,10.6,,,11.8,11.1,,,,,,,10.1,9.93,9.40,12.1,10.5,10.8,,
2026-04-20 10:47:00,10.7,10.5,,,,,,,10.7,10.6,11.1,11.2,11.3,10.1,,,10.9,10.3,,,,,,,10.5,10.3,10.7,11.7,11.3,10.5,,
2026-04-20 10:47:05,10.9,10.7,,,,,,,10.3,9.80,10.3,11.3,10.9,11.1,,,10.9,10.8,,,,,,,9.73,9.53,9.53,12.3,11.2,11.2,,
2026-04-20 10:47:10,11.1,10.3,,,,,,,10.8,10.9,11.1,11.1,11.3,10.1,,,11.1,10.6,,,,,,,10.3,10.9,10.5,12.3,11.5,10.2,,
2026-04-20 10:47:15,11,10.9,,,,,,,10.5,9.73,10.3,11.3,10.5,11.4,,,11.2,11.1,,,,,,,10.3,9.67,9.67,12.1,10.3,11.1,,
2026-04-20 10:47:20,10.3,10.7,,,,,,,11.2,10.8,11.3,10.8,11.1,10.3,,,10.5,10.9,,,,,,,11.2,10.7,11.1,11.5,10.7,10.1,,
2026-04-20 10:47:25,10.5,11.1,,,,,,,10.4,10,10.6,11.1,10.5,11.3,,,10.7,11.1,,,,,,,10.8,10.2,11,11.5,9.73,10.8,,
2026-04-20 10:47:30,11.1,10.7,,,,,,,11,11.3,11.1,10.9,11.1,10.1,,,11.2,10.6,,,,,,,11.2,11.7,11.5,11.2,10.7,9.67,,
2026-04-20 10:47:35,11.5,10.7,,,,,,,9.87,10.5,10.8,11.1,10.5,10.7,,,11.5,10.3,,,,,,,9.60,11.2,10.5,11.1,10.5,10.5,,
2026-04-20 10:47:40,10.7,10.4,,,,,,,10.8,11.2,11.5,10.5,10.8,10.2,,,11.2,9.93,,,,,,,10.5,11.7,10.9,10.5,11.3,10,,
2026-04-20 10:47:45,10.8,10.9,,,,,,,10.2,10.1,10.9,11,10.5,11,,,11.2,10.4,,,,,,,10.1,10.5,10.4,10.9,11,10.8,,
2026-04-20 10:47:50,10.8,10.5,,,,,,,11.7,10.8,11.3,10.4,11.4,10.1,,,11.4,10,,,,,,,11.5,10.7,11,10.4,11.9,9.87,,
2026-04-20 10:47:55,11.1,10.7,,,,,,,11.2,9.93,10.1,10.7,10.9,10.5,,,11.7,10.3,,,,,,,11.1,9.93,9.67,10.7,11.5,10.2,,
2026-04-20 10:48:00,10.3,10.1,,,,,,,11.9,10.5,10.9,10.3,11.4,10.3,,,10.9,9.73,,,,,,,11.6,10.5,10.4,10.7,11.7,10,,
2026-04-20 10:48:05,10.8,10.3,,,,,,,10.7,9.53,10.4,10.9,10.5,11.5,,,11.7,10.1,,,,,,,10.9,9.40,10.3,10.8,10.9,11.1,,
2026-04-20 10:48:10,10.8,10,,,,,,,11.4,10.5,11.4,11.1,11.3,10.7,,,11.4,9.87,,,,,,,11.3,10.2,11.5,11.1,11.4,10.2,,
2026-04-20 10:48:15,11.1,10.1,,,,,,,10.7,10.3,10.9,11.1,10.7,10.9,,,11.4,10.5,,,,,,,11.3,9.80,11.3,10.7,10.4,10.7,,
2026-04-20 10:48:20,10.3,9.80,,,,,,,11.6,10.9,11.4,10.7,11.4,10.4,,,10.2,10.1,,,,,,,12.3,10.9,11.5,10,11.3,10.1,,
2026-04-20 10:48:25,10.7,10.5,,,,,,,10.7,10.3,10.7,10.8,11.2,11.2,,,10.7,10.6,,,,,,,11.3,10.5,11,9.87,11.3,11.3,,
2026-04-20 10:48:30,10.7,10.5,,,,,,,11.5,10.7,10.9,10.7,11.7,10.5,,,10.6,10.5,,,,,,,11.4,11.1,11,9.73,12.3,10.3,,
2026-04-20 10:48:35,11,11,,,,,,,10.3,10.1,10.4,11,11.1,11.2,,,10.8,10.9,,,,,,,10.1,10.9,10.5,10.6,11.5,11.3,,
2026-04-20 10:48:40,10.1,10.9,,,,,,,10.8,10.7,11.6,10.5,11.1,10.7,,,9.33,10.7,,,,,,,10.9,11.4,11.5,10.4,11.2,10.5,,
2026-04-20 10:48:45,10.5,11.1,,,,,,,9.93,10.6,11.3,10.6,11,11.1,,,10.1,10.9,,,,,,,10.2,10.8,11.2,11,10.6,10.9,,
2026-04-20 10:48:50,10.3,10.6,,,,,,,10.4,11.5,11.8,10.7,11.4,10,,,10.1,10.5,,,,,,,10.7,11.1,11.8,11.3,11.1,10,,
2026-04-20 10:48:55,10.9,10.8,,,,,,,10,10.3,11,10.8,11,10.4,,,10.9,10.7,,,,,,,10.2,9.93,10.7,11.4,10.7,10.5,,
2026-04-20 10:49:00,10.5,10.9,,,,,,,10.5,10.7,11.5,10.5,11.3,9.93,,,10.5,11.1,,,,,,,10.5,10.9,11.6,11.1,11.4,9.73,,
2026-04-20 10:49:05,10.9,11.5,,,,,,,9.73,9.80,10.7,10.7,10.5,10.3,,,10.8,12,,,,,,,9.33,10.1,10.9,11.3,10.6,9.47,,
2026-04-20 10:49:10,7.79,10.4,,,,,,,10.2,10.5,10.5,10.5,11.1,10,,,7.79,11.1,,,,,,,9.67,11,11.5,10.7,10.9,9.07,,
2026-04-20 10:49:15,5.39,9.87,,,,,,,9.33,9.33,9.87,10.9,10.1,10.8,,,5.39,10.4,,,,,,,8.53,9.73,10.2,10.6,9.93,10.2,,
2026-04-20 10:49:20,,9.73,,,,,,,10.3,10.1,10.2,10.1,10.4,10.4,,,,10.3,,,,,,,9.93,10.6,10.1,9.53,10.3,10.1,,
2026-04-20 10:49:25,,10.1,,,,,,,9.73,9.67,9.87,10.8,9.73,10.7,,,,10.5,,,,,,,9,9.87,9.40,10.8,9.80,10.8,,
2026-04-20 10:49:30,,10.1,,,,,,,10.5,10.6,10.4,10.5,10.1,10,,,,10.4,,,,,,,10.2,10.6,10.3,10.6,10,10.3,,
2026-04-20 10:49:35,,10.4,,,,,,,9.80,9.93,9.73,10.7,9.33,10.7,,,,10.3,,,,,,,9.53,10.1,10.1,10.5,9.13,11.1,,
2026-04-20 10:49:40,,10.4,,,,,,,10.2,10.9,10.4,9.73,10.3,9.87,,,,10.4,,,,,,,10.3,11.3,10.5,9.27,10.1,9.93,,
2026-04-20 10:49:45,,10.7,,,,,,,9.47,9.93,9.53,9.93,10.1,10.7,,,,10.7,,,,,,,9.53,10.2,9.67,9.53,9.80,10.8,,
2026-04-20 10:49:50,,10.1,,,,,,,9.87,10.7,10.5,10.1,11.1,10,,,,10.4,,,,,,,9.93,11.1,10.3,9.80,11.2,9.60,,
2026-04-20 10:49:55,,10.3,,,,,,,9.33,9.87,9.80,10.4,9.53,10.9,,,,10.5,,,,,,,9.13,9.93,10,10.1,9.87,10.8,,
2026-04-20 10:50:00,,9.87,,,,,,,10.2,11.1,10.7,10,10.3,9.73,,,,9.93,,,,,,,10,11.4,10.7,9.47,10.9,9.73,,
2026-04-20 10:50:05,,10.1,,,,,,,9.87,10.1,10.1,10.2,9.80,10.2,,,,9.87,,,,,,,9.67,9.73,10.2,10,10,10.6,,
2026-04-20 10:50:10,,9.67,,,,,,,10.5,10.5,10.5,10.5,11.1,9.53,,,,9.47,,,,,,,10.9,10,10.5,10.1,11.3,9.80,,
2026-04-20 10:50:15,,9.80,,,,,,,10,9.13,9.80,10.5,10.3,10.4,,,,9.60,,,,,,,10.5,8.53,9.87,10.5,10.3,10.6,,
2026-04-20 10:50:20,,10.2,,,,,,,10.4,9.80,10.6,9.80,10.7,10,,,,9.67,,,,,,,10.7,9.40,10.6,9.87,11.1,10.2,,
2026-04-20 10:50:25,,10.8,,,,,,,9.93,9.60,10,10.3,9.93,10.3,,,,10.6,,,,,,,9.80,9.80,10.1,10.7,10,10.5,,
2026-04-20 10:50:30,,10.7,,,,,,,10.2,10.7,10.3,10.6,10.3,9.60,,,,10.3,,,,,,,9.53,11,10.4,10.9,10.6,9.73,,
2026-04-20 10:50:35,,10,,,,,,,9.80,10.5,9.27,11.1,9.47,10.5,,,,10,,,,,,,9.53,10.8,9.47,11.1,9.40,10.4,,
2026-04-20 10:50:40,,9.53,,,,,,,10.3,10.9,10.1,10.4,10.1,9.93,,,,9.40,,,,,,,10.4,10.7,10.5,10.1,10.4,9.60,,
2026-04-20 10:50:45,,10,,,,,,,9.93,10.5,9.60,10.5,9.60,10.7,,,,10,,,,,,,10.5,10.3,9.93,10.5,9.47,9.93,,
2026-04-20 10:50:50,,10,,,,,,,11,10.9,10.4,10.3,10.3,9.67,,,,10.1,,,,,,,11.3,10.9,10.6,10.5,10.2,9,,
2026-04-20 10:50:55,,10.2,,,,,,,10.3,9.80,9.93,10.3,9.33,10.5,,,,9.80,,,,,,,10.1,9.67,10.1,10.7,9.60,10.2,,
2026-04-20 10:51:00,,10.3,,,,,,,10.6,10.2,10.9,9.47,10,10.1,,,,9.73,,,,,,,10.4,9.93,11.1,9.60,10.5,10.1,,
2026-04-20 10:51:05,,10.5,,,,,,,9.40,9.40,10.4,10.3,9.53,11.4,,,,10.3,,,,,,,9.67,9.60,10.9,10.3,9.80,10.9,,
2026-04-20 10:51:10,,10.5,,,,,,,10.2,10.2,10.7,10.3,9.87,10.7,,,,10.5,,,,,,,10.5,10.6,11,9.80,9.73,10.3,,
2026-04-20 10:51:15,,10.3,,,,,,,9.73,9.27,9.93,10.9,9.33,11.3,,,,10.5,,,,,,,10.1,9.80,10.1,10.7,9.20,10.3,,
2026-04-20 10:51:20,,10.5,,,,,,,10.5,10.1,10.6,10,9.93,10.1,,,,10.3,,,,,,,10.5,9.93,10.3,9.80,10.1,9.73,,
2026-04-20 10:51:25,,10.4,,,,,,,9.73,9.33,9.93,10.6,10,10.4,,,,10.7,,,,,,,10.1,9.20,9.80,10.8,9.93,10.2,,
2026-04-20 10:51:30,,9.87,,,,,,,10.5,10.7,10.6,10.6,10.5,9.60,,,,10.3,,,,,,,10.5,10.3,10.5,10.7,10.3,9.60,,
2026-04-20 10:51:35,,9.73,,,,,,,9.67,9.87,10.1,10.7,9.87,10.4,,,,9.80,,,,,,,9.67,9.67,10.4,10.8,9.80,10.6,,
2026-04-20 10:51:40,,9.67,,,,,,,10.7,11.1,10.9,9.93,10.1,9.73,,,,9.73,,,,,,,10.7,11.3,10.8,9.73,10.3,9.67,,
2026-04-20 10:51:45,,10.5,,,,,,,9.87,9.80,10.1,10,9.47,10.5,,,,10.6,,,,,,,10,9.93,10,9.60,9.80,10.5,,
2026-04-20 10:51:50,,10.3,,,,,,,10.7,11,10.3,10.1,10.1,9.60,,,,10.3,,,,,,,10.9,11.5,9.73,9.80,10.2,9.60,,
2026-04-20 10:51:55,,10,,,,,,,9.87,10.2,9.60,10.4,9.40,10.6,,,,9.73,,,,,,,9.87,10.2,9.40,10.7,9.40,10.4,,
2026-04-20 10:52:00,,7.16,,,,,,,7.83,11,8.34,7.51,7.45,8.13,,,,6.78,,,,,,,7.83,11.3,8.34,7.87,7.30,8.21,,
2026-04-20 10:52:05,,4.76,,,,,,,4.80,5.82,5.45,5.08,4.63,6.30,,,,4.76,,,,,,,4.70,5.45,5.80,5.37,4.42,5.85,,
2026-04-20 10:52:10,,0.0667,,,,,,,0.0667,0.0667,0.0667,0.0667,0.0667,0.0667,,,,0.0667,,,,,,,0.0667,0.0667,0.0667,0.0667,0.0667,0.0667,,
2026-04-20 10:52:15,6.45,6.84,,4.60,,,6.53,6.18,5.73,6.77,7.01,5.04,5.77,6.73,6.51,,6.13,6.56,,4.92,,,6.95,6.07,4.93,6.88,7.29,4.80,5.98,7.48,6.13,
2026-04-20 10:52:20,13.9,12.2,11.4,12.7,11.5,10.7,11.9,11.8,11.6,11.1,11.5,13.0,12.4,12.4,12.8,12.5,13.5,13.2,12.5,13.5,11.6,10.3,11.7,10.9,11.7,11.3,12.4,12.6,12.6,12.8,12.5,12.1
2026-04-20 10:52:25,17.9,19.3,16.5,16.9,15.7,15.9,18.0,17.8,19.0,18.2,17.6,17.3,19.8,18.7,19.0,17.2,18.0,19.5,16.2,17.5,15.2,15.2,17.9,16.4,19.2,18.2,18.9,17.5,19.6,18.8,18.1,16.0
2026-04-20 10:52:30,29.5,27.2,29.3,30.5,27.7,28.4,27.2,27.1,28.3,26.9,27.5,30.9,28.9,28,28,27.7,30.2,27.7,30.7,31.3,28.1,27.5,26.9,25.4,29.2,26.6,28.9,30.8,29.1,27.5,27.0,27.5
2026-04-20 10:52:35,26.6,26.4,28.3,27.8,26.8,27.8,25.5,25.8,27.4,26.8,27,27.7,26.8,25.7,25.9,27.9,27.5,25,29,28.1,27,26.9,25.9,24.4,28.5,26.1,27.3,28.2,26.8,24.9,24.6,27.6
2026-04-20 10:52:40,26.3,22.5,26.1,27,25.7,25.9,22.8,23.4,22.9,22.1,24.4,27.5,22.3,22.3,22.9,26.5,27.4,21.5,27.3,27.4,26.7,24.8,22.9,23.6,23.7,21.9,24.5,27.5,22.5,21.5,22.6,27.5
2026-04-20 10:52:45,16.7,16.5,15.8,16.3,16.9,15.9,15.3,16.0,16.3,15.3,15.9,16.5,16.6,14.9,15.8,18.9,17.6,15.5,15.4,16.8,17.5,14.4,15.1,16.3,16.9,15.9,15.7,16.7,16.1,14.5,15.7,18.7
2026-04-20 10:52:50,15.5,15.1,14.9,15.5,15.6,15.9,14.9,15.5,14.5,14.3,15,15.7,15.6,14.7,14.9,15.7,16.3,15.1,14.6,16,16.5,14.1,14.9,16.1,14.9,14.9,14.9,14.9,15.3,14.8,14.9,15.5
2026-04-20 10:52:55,15.3,14.9,15.5,15,15.9,15.7,14.9,15.4,14.7,14.7,14.7,14.8,16.3,15.7,14.9,15.7,15.1,15.5,15.6,15.5,17.1,14.6,14.8,14.7,14.4,15.2,14,14.3,16.6,15.4,15.1,15.1
2026-04-20 10:53:00,14.9,15.4,15.5,14.5,15.4,16,15.7,15.7,14.7,14.5,15.1,15.4,15.5,16.5,15.6,16.2,14.3,16.1,15.9,15,15.7,16.7,15.8,15.3,14.1,14.5,14.4,15.5,15.7,16.4,15.3,15.8
2026-04-20 10:53:05,15.4,15.7,15.5,14.9,15.2,14.7,15.5,15.0,15.2,14.9,15,15.5,16,16.3,15.3,15.5,14.7,16.1,16.2,15.5,14.9,15.4,15.8,13.9,14.4,14.8,14.8,16.7,15.9,16.7,15.5,15.3
2026-04-20 10:53:10,15.2,15.7,14.7,15.8,14.8,15.2,14.9,14.4,15.1,14.5,15.9,16.5,15,15.2,14.7,14.9,15.5,15.6,14.9,16.2,13.7,15.8,16.3,13.6,15.7,14.2,15.6,17.4,15,16.1,14.5,14.1
2026-04-20 10:53:15,15.4,15.6,15.4,16.1,14.8,15,15.3,14.3,15.1,15.2,16.1,15.7,15.7,15.1,14.5,14.8,15.9,16.1,14.8,15.9,14.1,14.2,16.6,13.7,15.5,14.9,16.5,16.1,16.2,15.5,14.1,13.7
2026-04-20 10:53:20,15.7,15.7,15.5,15.7,14.4,16,16.3,15.5,14.9,15.2,16.1,15.9,15.5,15.7,14.9,15.2,16.7,15.5,13.9,14.8,13.9,15.5,16.9,16.1,15.7,15.6,16,15.4,15.5,16.3,14.2,14.5
2026-04-20 10:53:25,16.6,15.2,15.8,15.7,14.6,15.7,16.8,15.3,15.6,15.6,15.3,15,15.5,15.7,14.9,14.9,16.3,15.5,14.9,14.6,14.4,15.5,16.4,15.9,16.1,17.2,15.4,14.4,15.5,16.2,14.6,14.8
2026-04-20 10:53:30,16.4,14.8,15.4,15.7,14.5,16.3,15.7,15.3,15.3,15.2,15.5,15.8,14.7,14.7,14.9,14.5,16.4,14.2,15,14.7,13.7,16.1,15.1,15.9,16.3,16.7,14.7,15.1,15,15.1,15.5,15.1
2026-04-20 10:53:35,15.5,15.6,16.4,15,15.1,16,17.5,17.3,15.6,18.5,18.3,15.1,15.5,17.1,16.9,15.1,15.1,15.5,17.1,14.1,14.9,15.5,16.7,17.1,15.9,19.1,18.1,15,16.6,16,18.4,15.2
2026-04-20 10:53:40,18.8,22.3,18.6,19.7,18.7,18.5,22.1,22.4,20.8,22.9,21.9,20.6,21.1,21.9,22.9,19,19.3,23,19.1,19.3,18.4,17.8,21.5,22.8,20.1,23.2,22.7,20.1,21.1,20.7,24.4,19.3
2026-04-20 10:53:45,25,26.7,24.7,26,25.1,23.3,27.3,26.4,26.1,27.6,25.5,25.8,27.1,27.1,27.5,23.7,24.4,27.4,24.5,26.3,24.5,23.9,26.3,26.6,25.1,27.9,26.7,25.9,27.5,26,29.1,22.7
2026-04-20 10:53:50,30.3,30.1,28.6,31.1,29.9,30.4,30.9,29.9,30.3,30.7,30,30.9,29.9,29.2,30.5,28.9,29.7,31.3,27.5,31.9,29.3,30.5,29.5,28.9,30.1,31.8,32.3,30.6,30.1,29.3,30.5,28
2026-04-20 10:53:55,31.1,31.5,32.3,31.7,31.4,32.3,34.5,33.2,31.1,33.7,34.5,30.7,32.1,34.1,32.5,31.9,29.7,31.4,32.1,32.5,30.7,32.3,32.4,31.3,32.4,34,36.9,30.5,33.5,33.4,32.6,31.5
2026-04-20 10:54:00,32.9,36.3,33.1,34.3,31.9,33.9,37.5,36.7,35.7,36.2,37,33.9,35.5,36.5,35.3,34.5,32.5,35.8,32.9,36,32.3,34.7,35.1,35.1,37.9,37.4,39.7,32.7,34.3,36.1,34.1,34.3
2026-04-20 10:54:05,37.5,38.7,36.5,38.2,36.1,34.5,37.4,37.5,38.9,37.7,36.9,37.9,38.1,38.1,37.1,35.2,36.8,37.5,37.3,40.3,36.4,35.9,34.8,37.1,41.6,37.9,38.7,37.1,36.2,38.3,36.9,34.7
2026-04-20 10:54:10,39.8,37.5,38.7,39.7,38.1,39.4,38.1,37.7,38.7,39.1,38.5,40.1,37.1,36.7,36.8,36.8,38.6,38.1,38.5,42.5,38.5,39.5,37.9,37.1,41.4,39.5,39.1,39.9,35.1,38.7,37.4,34.9
2026-04-20 10:54:15,38.3,37,39.1,37.8,38.7,39.4,39.4,38.3,37.3,40.3,40.2,38,37.3,38.7,38.7,38.6,37.1,38.6,39.3,37.9,38.8,37.7,38.9,36.1,39.1,38.7,39.9,39,37,40.1,39.8,37.1
2026-04-20 10:54:20,37.5,39.5,37.1,37.5,36.5,38.2,40.4,38.2,38.3,39.3,40,37.8,39.9,40.1,39.3,39.4,37.9,41.7,37.3,37.2,36,36.7,40.3,36.7,39.5,39.9,38.7,40,39.5,41.9,39.9,37.2
2026-04-20 10:54:25,38.9,38,37.7,38.3,37.9,36.1,35.3,35.0,38.1,36.5,34.1,38.3,39.1,36.9,37.3,38.2,40.5,40,38.7,35.9,35.9,35.8,33.7,34.5,37.6,35.8,33.6,40.3,38.1,37.7,37.7,37.9
2026-04-20 10:54:30,36.4,33.9,36.2,36.2,35.5,36.4,31.2,32.7,34.5,34.1,32.1,36.5,34.1,32.9,33,35.7,37.6,34.6,37.4,35.2,34.3,36,30.5,32.9,34.1,34,32,37.8,33.5,32.9,34.3,35.5
2026-04-20 10:54:35,32.1,30.6,33.7,32,33.1,34.3,30.3,31.0,31.2,31.5,31.2,31.6,30.5,31.9,31.5,34.8,31.9,30,34.1,31,32,34.4,30.3,31.3,29.9,29.9,32.1,31.4,30.5,31.7,33.2,36.5
2026-04-20 10:54:40,28.3,31.3,28.7,28.7,28.8,30.5,29.9,28.8,30.3,28.5,29.6,29.3,29.5,31.5,30.6,32.1,28.1,28.9,29.1,29.2,28.5,30.7,29.7,29.3,29.7,28,29.3,28.9,29.3,32.1,30.3,32.9
2026-04-20 10:54:45,26.9,26.7,25.5,25.9,27,26.4,24.8,22.5,26.3,22,23.3,25.6,25.7,26.6,25.5,28.5,26.7,24.7,26.3,26.8,26.5,27.1,24.7,23.7,25.8,22.1,23.1,25.1,24.7,28.1,25.2,29.7
2026-04-20 10:54:50,22.7,20.8,20.9,22.1,22.5,22.1,18.3,17.1,21.1,17.4,18.2,22,20.2,19.7,19.5,21.9,22.2,19.6,21.5,22.8,22.8,22.3,17.1,17.8,21.3,17.9,17.5,21.8,19.3,20.9,18.6,22.2
2026-04-20 10:54:55,17.5,14.6,17.7,17.3,18.2,18.3,14.5,14.9,15.7,15.1,15.9,16.3,16.1,15.7,15.1,17.7,17.3,14.1,18.3,18.5,18.3,18.1,13.7,14.7,16.1,15.7,16,15.8,15.5,16.3,15.5,17.7
2026-04-20 10:55:00,14.8,15.1,14.5,15.1,14.8,15.4,14.4,15.5,15.3,15.7,15.5,15.3,15.7,16.3,15.6,15.3,14.5,14.7,15.3,15.5,14,15.3,13.3,15.3,15.7,16.3,15.9,15,14.8,16.7,15.9,15.4
2026-04-20 10:55:05,14.9,15.8,15.7,15.3,14.7,15,14.3,15.2,15.7,16.3,14.9,15.3,15.9,15.7,15.4,15.4,15.3,15.7,17,15.2,13.1,15.3,14,15.2,16.5,15.8,15.5,14.7,14.7,16.1,16.4,15.5
2026-04-20 10:55:10,15.7,16.2,15.3,15.3,14.2,15.1,14.1,14.7,15.5,15.8,15.2,15.7,14.7,15.1,14.7,15.1,14.8,16.1,16.4,14.7,13.3,15.3,13,15.3,16.9,14.6,16.4,15.3,14.3,15.5,15.6,14.9
2026-04-20 10:55:15,15.5,16.3,16.1,15.5,15.1,14.9,14.1,14.5,14.7,16.1,15.9,15.1,15.1,14.8,14.7,15.1,15.4,16.7,16.6,15.5,15.2,14.7,13.5,14.9,15.7,14.7,17.1,14,14.9,15.3,15.7,14.4
2026-04-20 10:55:20,15.2,16,15.2,14.9,14.7,14.9,15.1,15.5,14.6,15.4,15.8,15.1,15.1,15.7,15.4,15.9,14.7,16.3,15.4,15,15.5,14.3,15.1,15.4,14.9,15.1,16.5,14.3,15.7,15.8,15.6,15
2026-04-20 10:55:25,15,16.1,15.7,14.9,15.6,15.3,14.9,15.1,15,15.1,15.1,15,15.4,15.8,15.9,16.2,15.1,16.7,16.1,15.3,16.5,15.3,15.1,14.8,14.9,14.7,15,14.4,15.6,16.5,15.5,15.1
2026-04-20 10:55:30,15.3,15.8,15.5,15.1,15,15.8,18.9,19.1,15.6,20.5,18.9,15.4,15.8,17.1,17,15.7,15,16.7,15.8,15.1,15.8,16,17.8,19.2,15.5,19.9,19.1,15.5,16.2,17.2,17.1,14.4
2026-04-20 10:55:35,24.1,26.8,24.1,23.9,24.1,23.1,30.3,29.5,25.7,30.7,29.4,23.7,26.5,28.9,28.1,22,24.1,25,24.9,24.8,24.6,24.1,27.7,29.0,25.5,30,31.1,23.5,26.7,29,28.1,21.1
2026-04-20 10:55:40,34.6,37.5,33.2,35.7,33.1,32.1,41.3,39.6,36.7,40.1,38.8,35.1,37.3,38.9,38,32.4,36.3,35.1,33.4,37.3,33.1,33,39.5,39.3,37.7,38.3,39.9,35.7,36.8,37.5,38.5,32.4
2026-04-20 10:55:45,46.1,47.3,44.5,46.3,44.6,41.7,48.2,47.8,46.9,46.7,46.5,45.9,47.1,48.5,47,42.1,48.5,45.1,45.5,47.5,43.7,43.2,46.5,45.3,46.1,45.9,48.5,47.3,46.9,48.4,46.2,41.9
2026-04-20 10:55:50,52.7,51.4,51.9,53.5,50.9,50,53.7,54.8,51.5,53.8,54.8,53,52.4,53.5,51.1,49.1,56.5,52.7,52.3,54.7,51.1,49.9,53.5,52.4,49.1,52.1,56.5,55.6,53.3,51.9,51.6,47.9
2026-04-20 10:55:55,56.8,58.6,58.6,57,57.7,56,60.9,61.7,57.5,61.3,62.7,57.9,58.8,61.7,59.5,56.5,57.7,60.7,60.4,56.3,58.2,56.3,60.1,59.1,55.5,61.1,65.3,57.2,60.8,61.7,59.7,53.9
2026-04-20 10:56:00,62.2,65.7,63.3,64.3,61.7,62,64.5,63.5,64.5,61.6,64.4,64.5,65.4,65.1,65.3,63.5,61.4,65.7,64.1,64.5,63.3,60.2,64.3,62.7,63.7,61.5,65.4,64.3,67,67.2,65.1,61.8
2026-04-20 10:56:05,59.1,60.2,60.5,60.7,59.5,58.7,57.1,56.9,59.8,56,55.9,59.9,59.5,57.5,59,62.3,56.9,59.3,61.3,58.6,58.6,57.3,58,56.1,60.3,57.1,56.6,58.6,59.2,60.3,57.8,63.2
2026-04-20 10:56:10,58.5,57,57.9,59.9,56.9,58,57.8,57.7,56.9,57.3,57.3,57.7,57.1,56.1,56.9,57.3,57.5,55.5,56.4,58.1,57.7,58,57.9,58.0,56,58,57.5,60.1,55.9,59.1,55.3,59.9
2026-04-20 10:56:15,59.9,61.3,60.5,60.4,59.9,59.3,64.3,64.7,59.4,64.9,64.7,58.5,60.9,63.8,62.5,58.9,58.7,60.2,58.9,59,61.7,61.1,65.3,65.5,57.9,64.5,65.1,59.9,59.1,63.5,61.5,61.1
2026-04-20 10:56:20,65.2,69,65,65.9,64.4,65.7,70.5,69.4,67.2,69.5,70.6,65.6,68.3,70.6,70.3,65.9,66.1,67.8,62.7,66.5,66.9,69.3,68.8,70.3,65.9,68.1,69.4,68.4,66.9,71.3,67.1,67.3
2026-04-20 10:56:25,69.1,69.7,69.8,68.9,68.9,67.1,67.6,67.6,69.1,68.9,67.8,68.4,69.7,70.2,69.8,68.3,70.3,68.5,68.8,69.7,71,68.9,66.5,68.5,67.6,68.7,67.9,70.8,67.5,70.9,65.5,68.7
2026-04-20 10:56:30,67.2,63.7,68.1,65.9,67.2,68.7,63.5,64.6,65.1,65.3,64.9,66.1,63.9,64.8,64.5,67.7,69.3,63.5,68.1,66.3,67.9,70.7,62.9,64.9,64.5,65.9,66,67.3,62.3,66.3,59.2,67.2
2026-04-20 10:56:35,65,63.2,66.5,64.2,66.1,65.4,63.7,64.7,64.5,64.8,65,63.5,64.1,66.3,65.5,65.4,67.1,61,67.1,62.8,67.7,65.6,65.3,66.2,65.1,66.9,68.1,64.7,62.6,65.9,60.9,64.2
2026-04-20 10:56:40,59.8,59.8,60.8,59.9,60.2,62.5,58,58.6,60.1,56.9,59.7,59.3,59.5,60.1,60.6,64,61.3,58.8,59.9,59.4,59.6,62.7,59.9,57.9,62.1,57.4,62.1,59.6,59.3,58.3,57.2,61.9
2026-04-20 10:56:45,51.9,49.5,52.6,52.3,52.8,51.8,45.1,44.2,50.4,44.7,44.7,51.1,50.5,47.3,47.6,54.7,52.5,49.2,52,51.4,52.1,50.5,46.5,42.1,53.2,44,46.5,53.5,49.6,45.6,47.5,53.3
2026-04-20 10:56:50,39.3,34.3,40.1,39.5,39.7,41.9,31.4,30.3,35.5,30.9,31.2,38.9,35,31.7,32.1,42.1,38.6,36.3,39.5,39.7,38.9,41.1,31.9,28.0,38,29.6,32.1,39.7,33.5,30.5,33.7,40.8
2026-04-20 10:56:55,26.1,22.5,27.7,26,27.2,28.5,22.3,21.4,23.6,21.9,21.3,25.8,23.9,21.6,21.8,29.5,25.5,23.7,28.1,25.5,27.9,28.1,22.9,20.5,24.8,21.5,21.6,26.3,21.6,21.8,24.5,29.4
2026-04-20 10:57:00,17.4,17.6,18.3,17.7,17.9,20.5,18.3,18.1,17.6,17.5,18,18.7,17.7,18.1,18.5,21.8,18.7,17.6,18.3,16.7,18.1,20.3,19.7,17.9,18.1,17.8,18.5,17.8,16.2,17.5,19.7,21.9
2026-04-20 10:57:05,14.7,16,15.6,15.3,15.1,14.5,15.5,16.0,15.3,15.5,15,15.2,15.8,15.4,15.6,16.7,15.1,15.8,15.3,14.3,14.9,14.5,16.9,15.8,15.3,15.5,15.8,14.8,15.5,15.7,16.3,16.6
2026-04-20 10:57:10,16.2,15.7,15.2,15.4,15.5,15.5,14.7,15.3,15.3,15,14.9,15.8,15.3,14.7,14.9,15.4,16.7,15.2,15.1,14.1,15.1,14.7,15.9,15.3,15.1,15.4,16.1,15.5,15.1,14.5,14.7,15.1
2026-04-20 10:57:15,16.4,15.9,15.9,15.2,15.5,15.1,14.9,15.3,16,14.1,16.3,14.7,15.3,14.8,14.6,15.5,16.3,16,15.6,14.9,15.1,14.7,15.1,16.3,16.4,14.7,16.6,15.1,15.1,14.5,13.6,16
2026-04-20 10:57:20,16.1,16.1,15,14.4,15.3,15.5,15.3,14.9,16,13.9,16.5,15.4,14.9,15.9,15,16.1,16.1,16.1,14.8,13.8,14.8,14.7,14.8,15.7,16.3,15.5,16.8,16.1,14.2,15.2,14.1,16.4
2026-04-20 10:57:25,15.4,16.5,15.4,15.3,15.5,14.3,15.5,14.7,15.7,13.8,15.9,14.9,15.6,16.3,15.5,16.1,15.6,17.3,15.5,15.6,15.1,14,14.3,15.0,16.2,14.5,15.3,15.1,15,15.5,15.5,17.1
2026-04-20 10:57:30,15.6,15.9,14.9,16.7,15.5,15.3,14.9,14.5,14.8,14.5,14.7,15.6,15.7,14.8,14.6,15.7,16,16.2,15.1,16.5,15.1,14.8,13.7,14.1,14.6,15.3,14.4,15.8,16,14.3,14.4,16.1
2026-04-20 10:57:35,16,15.9,15.5,16.6,15.7,15.7,14.9,15.3,14.5,15.3,15.1,14.8,15.7,14.7,15.2,15,16.3,16.5,16,17.5,16.3,15.9,14.1,14.9,14.7,15.1,14.1,14.8,15.9,14.5,16.1,15.1
2026-04-20 10:57:40,15.9,16.3,14.7,15.7,15.3,16.5,15.1,15.7,15,15.3,15.1,15.3,15,15.7,15.5,15.5,16.2,16,13.7,16.1,16.3,16.5,15.3,15.0,15.1,15.1,15.3,15.5,15.5,15.2,16.2,15
2026-04-20 10:57:45,15.6,16.7,15.1,14.9,15.1,14.8,14.8,15.5,15.8,15.7,15.1,15.1,15,16.3,15.8,14.9,16.2,16.7,13.9,15.3,16,14.9,14.4,14.1,16.8,15.5,15.5,14.8,14.5,15.7,16.9,14.1
2026-04-20 10:57:50,16,15.9,14.6,14.9,14.9,15.6,14.6,14.8,15.7,15,14.9,15.6,14.7,15.6,14.7,14.9,17.3,16.4,14.1,15.3,15.3,15.5,13.9,13.8,16.6,14.7,15.9,15.4,13.7,15.2,14.8,14.9
2026-04-20 10:57:55,15.3,15.6,15.7,14.6,14.7,15,15.4,15.1,15.9,15.7,15.6,14.9,15.3,15.3,14.7,14.7,16.5,16.1,16.2,14.5,14.4,14.8,14.7,14.2,17.1,15.3,15.8,14.9,14.1,15.9,14.9,13.7
2026-04-20 10:58:00,15.5,15.8,15.2,14.2,14.8,16.6,16.6,15.4,15.1,15.3,15.3,15.2,14.9,15.7,15.5,15.6,16.3,16,15.8,14.5,15.1,16.5,16.4,15.1,15.1,14.7,15.9,15.5,14.1,16.7,15.1,14.8
2026-04-20 10:58:05,14.9,18.3,16,14.9,14.4,15.6,20.7,21.7,17.3,22.9,20.7,14.9,18.1,19.9,19.5,15.5,15.5,18.6,15.9,14.9,14.7,15.3,20.7,21.3,16.1,20.7,21.3,14.9,17.7,20.1,19.1,14.6
2026-04-20 10:58:10,35.7,40.7,33.9,37.3,32.1,30.9,47,49.6,39,51.6,49.3,36.8,41,45.4,43.4,24.3,35.9,40.4,34.1,37.5,31.3,31.1,46.7,50.2,38.3,50.4,49.4,37.6,41.6,44.5,43.3,25.7
2026-04-20 10:58:15,64.3,71.3,62.6,65.3,61.1,58.3,76.5,81.2,67.9,82.5,80.8,64.3,71.3,75.6,73.8,55.1,62.7,70.4,63.7,66.3,60.4,58.4,75.1,82.5,67.5,81.4,81.1,63.9,71.4,75.5,74.4,57
2026-04-20 10:58:20,101,112,96.4,103,97.0,91.1,122,127,107,130,127,102,112,120,116,86.1,101,114,98.9,102,95.8,92,123,128,107,128,124,102,111,122,115,87.7
2026-04-20 10:58:25,159,159,142,147,146,136,163,168,151,167,166,147,155,162,158,132,148,160,142,148,145,135,161,169,151,165,161,150,159,163,157,134
2026-04-20 10:58:30,205,198,180,187,184,174,201,207,189,205,204,187,196,200,196,170,190,196,182,195,184,178,202,208,190,207,199,194,196,197,196,170
2026-04-20 10:58:35,242,222,216,218,219,208,210,216,217,207,213,222,219,218,215,211,224,214,216,228,218,212,210,219,222,216,210,228,224,217,220,209
2026-04-20 10:58:40,287,190,199,193,198,200,175,179,192,172,179,199,191,185,184,214,203,186,208,202,202,208,181,182,203,183,183,203,196,188,192,218
2026-04-20 10:58:45,243,149,163,156,161,163,136,135,154,131,136,160,149,145,144,174,165,147,170,157,166,170,138,137,165,138,140,162,159,152,150,182
2026-04-20 10:58:50,190,96.4,116,108,114,124,88.9,85.5,102,85.8,88.7,107,98.8,92.8,92.7,130,115,98.9,124,106,118,130,91.1,86.8,108,88.7,91.4,114,105,94.3,96.7,141
2026-04-20 10:58:55,71.2,64.2,75,69.4,73.9,78.7,58.9,56.5,66.2,57.5,57.4,68.1,65.2,61.6,62,82.3,72,64,75.6,66.9,73.2,82.2,58.5,56.9,67.1,57.1,56.3,70.5,65.8,60.3,61.5,86.5
2026-04-20 10:59:00,42.7,35.8,44.8,40.1,44.3,50.7,31.3,30.1,37.5,29.1,30.6,40.8,36.5,32.9,33.9,54.8,43,35.5,44.1,37.4,43.4,51.2,32.2,30.4,37.4,30.6,29.4,44.1,36.5,31.3,34.0,57.1
2026-04-20 10:59:05,20.4,20.8,21.6,19.9,21.7,22.9,19.1,18.3,20.9,17.7,17.5,19.7,21.2,19.3,19.3,26.7,20.3,19.7,21.1,18.9,22.9,22.2,19,18.3,21.9,18.4,17.3,20.4,20.7,18.7,18.7,27.3
2026-04-20 10:59:10,17.2,15.1,16.3,17.3,16.9,16.9,15.9,15.0,16.3,14.9,15.1,17.2,15.6,14.5,14.4,16.4,16.6,14.1,17,17.4,17.9,16.6,16.1,14.3,16.5,16.5,14.8,17.5,15,13.9,14.2,16.4
2026-04-20 10:59:15,15.1,15.4,16.1,15.7,15.6,14.9,15.1,15.1,15.6,15.4,15.4,15,15.3,14.3,14.3,14.7,15,15.5,17.4,16.3,16.1,14.5,15.8,14.8,15.5,16.1,15.1,14.9,14.4,13.7,13.1,14.6
2026-04-20 10:59:20,15.5,16.1,15.8,15.1,14.9,16,16.1,15.7,15.3,15.3,15.3,15.7,14.1,14.9,15.6,15.6,15.7,15.9,16.1,15.8,14.7,16.3,16.7,15.3,15.5,15.9,15.5,15.8,12.9,14.7,15.4,16
2026-04-20 10:59:25,15.3,16.1,15.4,14.8,15.1,15.7,15.1,15.4,15.5,15.4,15.3,15.1,15.1,14.5,16.1,15.3,15.5,16.3,15.3,15.1,15.5,14.9,14.9,15.9,15.8,14.9,15.6,15.1,14.1,14.1,16.9,15.2
2026-04-20 10:59:30,16.4,15.2,14.5,16.1,15.3,15.5,15.8,14.5,15.1,15,15.1,15.6,14.5,14.1,15.5,15.5,16.5,14.5,14.3,16.5,15.3,14.5,15.1,15.3,15.6,15.1,15.1,15.3,13.5,14.5,16.8,15.4
2026-04-20 10:59:35,15.9,14.9,14.9,15.9,15.8,14.7,15.1,14.3,14.9,16.1,15.5,15.1,14.9,14.1,15.1,15.2,15.9,14.5,15.7,15.7,16.4,13.5,15.1,14.9,15.6,16,14.9,14.6,13.4,13.9,15.7,14.9
2026-04-20 10:59:40,15.9,15.4,14.7,15.7,15.5,15.4,16.5,14.9,14.9,16.3,15.6,15.9,14.1,14.5,15,16.1,16.1,15.7,14.8,15.5,16.1,15.2,17.7,15.2,15.1,16.9,14.5,16.3,12.3,14.4,14.4,16.1
2026-04-20 10:59:45,14.9,19.1,15.5,15.7,15.7,15,23.3,24.6,16.1,27.7,24.1,15.3,17.1,20.5,20.8,15.8,14.6,19.4,14.7,15.5,16.3,15.5,25.7,25.0,15.9,28.5,24.4,16.1,15.3,20.1,20.1,15.8
2026-04-20 10:59:50,39.5,45.6,36.6,41.9,37.8,35.1,51.5,53.8,42.7,55.3,53.7,40.3,44.3,48.5,47.3,29,37.9,45.7,34.9,42.7,37.4,36.2,52.6,53.7,41.5,56.4,55.3,40.1,44.5,48.5,47,30.3
2026-04-20 10:59:55,66.3,74.7,64.3,68.6,65.5,61.6,80.3,81.7,70.3,82.8,82.2,67.1,73.1,78.6,77.1,58.5,62.2,74.3,64.8,68.3,64.5,62.5,80.5,81.6,68.7,83.2,84.7,67.3,73.3,80.6,77.4,58.7
2026-04-20 11:00:00,94.3,100,91,97.1,92.6,89.4,101,99.6,99.3,98.8,101,96.3,99.3,101,99.1,85.8,90.2,102,90.3,98.1,91.9,89.9,99.8,97.8,97.9,98.9,104,96.8,101,102,98.0,88.2
2026-04-20 11:00:05,99.7,100,98.9,100,99.9,96.9,99.1,98.6,100,98.4,98.9,99.9,99.5,100,101,99.9,96.7,103,99.5,99,99.3,97.3,100,98.7,99.1,96.3,103,99.8,98.3,100,99.1,101
2026-04-20 11:00:10,102,101,99,103,100,99.7,104,106,103,106,106,101,101,104,103,98.1,101,101,97.5,104,99.6,101,105,105,102,103,109,100,100,100,102,99.3
2026-04-20 11:00:15,110,110,109,110,110,108,115,117,110,116,117,109,112,115,114,107,111,110,110,110,110,111,113,116,113,111,119,109,110,113,116,106
2026-04-20 11:00:20,118,122,116,119,118,117,126,127,121,127,128,120,123,126,123,117,117,121,116,122,118,119,123,126,124,120,129,121,124,124,128,117
2026-04-20 11:00:25,134,139,133,136,135,129,138,138,135,138,138,137,139,139,137,129,131,138,134,135,134,131,134,136,140,132,144,138,140,140,141,129
2026-04-20 11:00:30,148,149,144,147,148,143,149,151,145,153,150,147,148,147,147,140,140,149,148,145,144,143,150,147,147,151,155,147,150,151,152,139
2026-04-20 11:00:35,161,160,155,157,159,156,161,162,158,163,162,157,160,161,162,153,151,159,158,156,154,158,163,158,159,168,163,157,160,166,164,151
2026-04-20 11:00:40,166,164,160,161,163,162,163,165,164,165,164,162,164,165,164,161,156,163,164,162,159,163,166,159,162,172,161,164,166,171,168,159
2026-04-20 11:00:45,170,166,163,165,162,162,162,163,165,163,162,164,165,167,165,161,159,166,164,166,161,165,163,159,162,167,158,166,168,171,166,159
2026-04-20 11:00:50,170,163,165,165,163,162,163,165,165,166,163,162,164,165,162,161,161,162,166,167,162,165,161,163,159,165,163,166,169,168,164,161
2026-04-20 11:00:55,171,163,166,165,162,164,166,167,166,168,166,162,164,167,164,164,164,167,166,169,162,164,164,166,160,164,167,163,167,166,165,168
2026-04-20 11:01:00,169,167,165,164,162,164,169,167,168,168,169,163,168,168,166,167,165,164,169,170,160,162,169,171,164,167,165,166,168,166,168,172
2026-04-20 11:01:05,172,170,170,168,166,167,167,167,170,168,168,168,168,168,169,166,169,167,172,172,164,164,169,169,165,167,162,173,171,170,170,171
2026-04-20 11:01:10,178,170,172,171,169,172,171,172,170,173,173,171,169,170,172,168,168,167,175,169,165,174,171,171,172,170,168,177,175,177,173,167
2026-04-20 11:01:15,180,172,173,174,173,176,174,178,173,175,177,174,172,174,176,173,172,172,173,167,173,183,174,176,173,172,177,177,180,181,175,171
2026-04-20 11:01:20,184,178,173,177,172,176,178,181,177,177,178,174,180,177,180,176,170,179,172,170,171,185,175,180,178,175,181,179,182,181,178,173
2026-04-20 11:01:25,183,179,176,178,177,176,176,177,179,176,175,175,181,177,179,176,176,182,173,176,177,178,174,179,176,173,179,180,184,175,179,180
2026-04-20 11:01:30,188,178,177,178,179,177,175,176,178,179,175,179,178,178,178,175,179,177,174,181,179,177,172,175,180,175,181,186,181,175,177,178
2026-04-20 11:01:35,187,175,178,177,180,179,178,178,178,179,179,179,175,180,177,177,179,175,176,180,181,174,181,176,178,177,179,187,181,173,182,180
2026-04-20 11:01:40,189,178,176,180,179,179,182,180,182,182,180,181,181,184,177,178,178,175,178,182,183,179,184,180,183,181,183,188,181,175,180,179
2026-04-20 11:01:45,192,179,179,182,180,181,183,182,184,182,181,180,186,184,179,179,175,179,185,184,182,183,189,183,183,181,182,188,184,175,184,181
2026-04-20 11:01:50,199,180,181,183,186,182,191,191,186,195,188,184,188,189,183,180,176,183,189,189,188,187,191,194,184,193,190,188,187,181,182,179
2026-04-20 11:01:55,213,200,198,205,200,197,219,213,202,210,205,202,202,217,206,195,195,203,205,209,198,205,218,217,197,208,209,206,215,203,211,194
2026-04-20 11:02:00,216,231,210,240,226,233,252,239,241,213,222,217,225,257,224,216,218,231,220,230,214,224,248,246,220,228,239,223,247,233,237,219
2026-04-20 11:02:05,218,269,233,274,260,267,278,262,275,199,241,244,259,282,222,251,255,253,242,252,242,246,264,258,251,246,254,240,270,258,264,247
2026-04-20 11:02:10,213,247,228,285,276,289,264,242,276,177,225,229,244,254,194,273,251,244,245,250,252,249,244,239,249,232,235,244,254,246,242,258
2026-04-20 11:02:15,249,211,206,248,240,255,237,223,231,185,217,203,216,217,179,251,222,213,222,223,232,225,218,223,221,225,217,221,220,224,219,227
2026-04-20 11:02:20,250,190,197,239,224,241,233,221,219,206,216,193,206,224,204,233,209,217,212,215,217,218,218,232,214,230,229,230,224,223,208,214
2026-04-20 11:02:25,249,199,228,241,231,236,233,250,216,211,236,223,231,237,213,229,228,225,223,218,223,220,226,245,223,241,239,234,237,235,219,217
2026-04-20 11:02:30,271,180,226,223,231,225,208,226,193,182,209,212,211,212,189,253,221,214,216,207,219,220,204,216,207,221,215,225,219,211,199,230
2026-04-20 11:02:35,283,189,223,219,226,203,210,226,198,188,219,212,212,205,187,227,217,208,216,208,219,212,219,210,211,216,214,214,210,204,208,216
2026-04-20 11:02:40,277,223,217,218,224,170,230,236,221,222,238,220,224,223,220,229,213,222,211,218,217,205,240,222,228,236,234,224,222,212,222,219
2026-04-20 11:02:45,219,282,265,275,272,173,284,286,286,274,290,276,285,279,276,243,276,268,263,271,260,234,282,261,288,274,278,264,268,260,262,248
2026-04-20 11:02:50,205,275,289,290,289,181,287,290,289,282,288,290,291,283,288,291,290,274,278,281,273,253,277,261,282,281,277,282,272,265,260,283
2026-04-20 11:02:55,207,265,286,284,283,174,285,287,280,285,283,277,284,282,282,289,289,267,279,281,277,262,266,266,268,279,276,269,266,269,255,279
2026-04-20 11:03:00,201,254,284,288,280,177,275,273,281,266,269,278,282,285,280,281,266,266,266,277,264,257,262,271,257,259,260,276,273,261,266,268
2026-04-20 11:03:05,275,185,236,224,231,139,190,187,217,181,184,226,211,200,204,253,217,209,227,231,228,227,195,205,206,191,197,222,212,195,206,245
2026-04-20 11:03:10,354,147,171,171,169,108,168,171,171,168,171,175,167,175,176,174,158,181,178,178,172,171,190,196,172,179,175,180,175,172,179,185
2026-04-20 11:03:15,359,154,155,166,167,140,176,181,167,165,180,173,157,138,174,170,163,178,184,170,184,175,196,193,169,187,180,171,172,172,167,187
2026-04-20 11:03:20,275,243,201,230,215,202,263,267,242,213,268,228,236,223,248,191,216,240,220,221,210,201,260,266,235,258,245,229,242,247,236,197
2026-04-20 11:03:25,204,293,279,295,291,282,287,287,291,189,283,294,284,255,286,278,277,276,284,283,271,269,278,273,277,263,265,281,281,279,265,264
2026-04-20 11:03:30,207,296,301,295,292,295,285,284,293,168,286,296,296,285,291,291,291,277,281,294,271,279,275,280,278,269,268,291,289,284,271,267
2026-04-20 11:03:35,212,288,296,289,292,295,287,288,285,167,290,290,291,288,299,292,280,277,280,285,285,281,280,276,269,259,271,277,285,288,271,273
2026-04-20 11:03:40,216,286,293,288,284,294,287,284,290,170,289,283,293,288,297,288,290,274,271,278,277,277,277,284,268,260,276,284,285,287,275,271
2026-04-20 11:03:45,204,292,290,289,288,270,290,288,291,207,288,284,294,294,296,288,280,283,269,278,277,267,278,281,277,261,277,275,280,296,276,275
2026-04-20 11:03:50,260,227,256,245,252,216,216,209,236,162,205,243,226,218,214,276,249,227,240,246,240,250,212,216,238,195,209,238,228,226,215,264
2026-04-20 11:03:55,347,179,176,175,181,129,192,191,180,173,188,176,175,192,177,192,172,193,175,193,188,180,189,190,200,184,185,181,193,194,193,196
2026-04-20 11:04:00,359,182,174,178,182,144,196,199,183,178,191,178,137,188,180,172,183,191,180,194,188,181,194,195,199,174,190,195,187,190,200,184
2026-04-20 11:04:05,302,248,211,227,223,202,264,277,239,263,264,226,165,262,258,188,219,251,210,229,226,202,254,253,245,254,259,244,232,249,253,197
2026-04-20 11:04:10,198,286,288,292,296,290,283,287,283,285,280,289,169,278,286,277,282,282,280,284,282,266,265,269,274,266,272,291,259,270,269,260
2026-04-20 11:04:15,201,285,286,288,289,285,291,285,281,289,284,287,168,289,290,286,270,278,273,279,277,266,268,275,272,283,276,276,261,275,272,270
2026-04-20 11:04:20,213,286,285,288,282,289,287,275,285,285,284,288,168,282,285,287,275,274,277,276,276,270,268,275,270,266,269,274,273,270,274,287
2026-04-20 11:04:25,221,287,276,288,276,278,291,277,288,282,284,286,169,287,289,275,276,281,265,267,271,270,274,274,270,266,272,273,268,277,285,284
2026-04-20 11:04:30,218,264,272,278,277,281,248,243,270,239,256,277,148,260,256,275,276,269,258,254,269,267,241,243,254,233,241,270,251,254,255,268
2026-04-20 11:04:35,316,188,212,198,217,225,190,195,191,185,200,199,109,197,188,236,206,205,207,198,211,214,199,208,193,200,199,203,184,208,202,223
2026-04-20 11:04:40,338,191,192,190,196,194,187,200,192,177,205,189,145,204,188,197,202,200,195,196,195,187,192,207,197,202,199,196,189,209,197,189
2026-04-20 11:04:45,332,206,199,195,196,194,220,234,207,214,228,195,203,221,216,177,208,209,212,202,200,191,226,228,217,226,224,202,205,217,221,199
2026-04-20 11:04:50,237,287,262,278,261,240,283,289,291,265,284,274,291,294,290,174,278,276,262,264,264,245,271,267,284,262,267,260,279,272,281,227
2026-04-20 11:04:55,284,234,257,249,254,248,231,233,240,224,224,245,242,232,237,175,252,236,256,235,254,258,234,224,249,219,223,235,239,222,236,260
2026-04-20 11:05:00,291,200,213,213,216,205,192,190,203,188,186,208,202,194,198,148,206,207,211,205,220,223,194,191,209,188,190,203,206,194,198,225
2026-04-20 11:05:05,272,156,174,172,176,173,151,150,155,152,147,165,152,149,152,147,169,166,176,166,181,184,160,158,167,163,158,176,158,157,157,190
2026-04-20 11:05:10,190,164,168,169,167,165,159,158,166,159,158,167,164,161,160,156,166,163,165,168,174,165,161,159,168,167,163,170,160,158,158,162
2026-04-20 11:05:15,158,146,157,153,153,156,145,144,148,142,143,152,149,148,146,158,151,144,154,152,156,154,146,144,149,153,147,152,144,148,146,158
2026-04-20 11:05:20,140,133,137,137,136,141,127,122,135,120,124,136,135,130,132,143,132,133,137,140,136,137,124,122,136,124,123,134,132,133,133,145
2026-04-20 11:05:25,103,93.5,103,101,103,108,87.3,83.8,97.3,82,83.1,100,96.2,89,92.1,115,100,93.7,104,102,105,108,86.1,84.1,94.3,82.7,83.3,100,91.3,93.8,94.3,117
2026-04-20 11:05:30,69.4,57.7,69.3,65.7,69.2,74.4,51.5,47.5,62.7,46.9,47.5,65.5,59.1,51.1,54.2,78.5,69.1,58.9,68.1,66.9,70.5,74.9,50.5,46.9,60.7,46.3,47.1,66.1,57.9,53.1,55.5,78.7
2026-04-20 11:05:35,32,21,35.5,28.8,34.3,39,19.7,19.5,24.3,20.9,18,28.9,22.6,18.5,19.3,42.7,33.1,21,35.1,27.9,34,39.7,19.3,19.5,24.8,20.3,19,29.7,21,17.5,19.9,41.7
2026-04-20 11:05:40,15.9,15.7,17.1,15.2,16.9,17.4,16.2,16.9,15.3,16.8,15.5,15.6,14.9,15.8,15.3,18.9,15.5,15.7,17.1,15.5,16.7,17.7,15.4,16.7,15.2,17.3,15.9,16.1,14.9,15.8,15.7,17.9
2026-04-20 11:05:45,14.9,15.9,15.5,15.2,15.8,14.4,15.3,16.4,15.3,16.3,14.3,15.5,14.6,15.5,15,15.1,14.3,15.4,16.5,15.6,15.4,14.5,15.3,15.4,15.3,16.3,14.7,15.3,14.4,16,15.7,14.3
2026-04-20 11:05:50,15.2,15.7,15.2,15.5,15.7,15,15.3,15.7,15.5,15.1,14.6,16.3,14.3,14.7,14.7,15.5,15.4,15.3,15.8,15.3,15.4,15.6,15.6,15.2,15.3,15.6,14.9,15.7,13.5,15.3,15.1,15.3
2026-04-20 11:05:55,15.1,15.6,16,15.3,16.2,15.6,15.3,15.1,15,15.9,14.4,15.7,15.5,15.1,15.5,15.3,15.3,16.1,15.6,15.6,15.5,16.2,15.3,14.7,15.2,15.4,15.1,14.7,14.3,15.4,15.6,15.5
2026-04-20 11:06:00,15.2,15.1,15.2,15.2,15.5,15.8,15.3,15.5,14.8,15.3,15.3,15.9,15.9,15.9,15.3,15.7,15.3,16,15.3,15.1,15,16.1,13.9,15.3,15.1,16.3,15.6,15.3,14.8,15.5,15.8,16.4
2026-04-20 11:06:05,15,15.9,15.1,15.3,15,15.2,14.9,14.9,15.4,15.1,14.9,15.5,16.1,15.5,15.7,15.4,15.3,16.2,15.1,15.9,14.5,15.5,13.7,14.1,15.5,15.9,14.9,14.9,16.2,15.7,15.9,16
2026-04-20 11:06:10,15.7,15.2,14.9,16,14.2,15.4,14.5,14.7,16.1,14.7,15.9,16.1,15.4,14.5,14.8,15.1,15.4,15.1,15.5,15.9,13.7,15.1,13.4,13.5,16.7,16.1,16.1,16,15.4,15.2,14.9,15.5
2026-04-20 11:06:15,15.1,15.7,15.9,15.5,15.1,15.8,14.2,15.4,15.4,18,16.3,15.3,14.7,14.5,15.3,15.3,15.3,14.9,15.7,16.5,14.2,15.5,13.6,14.9,15.4,19,16.5,15.4,14.8,15.8,14.5,15.9
2026-04-20 11:06:20,33.5,43.9,30.5,36.9,31.4,27.3,49.6,52.4,41.7,54.4,52.8,35.5,43.3,48.3,48.1,21.1,32.7,43.8,30.6,37.9,28.5,27.7,50.7,53.4,42.1,53.1,53.9,35.9,41.1,47.6,46.7,20.6
2026-04-20 11:06:25,70.3,73.7,68.2,73.3,68.5,63.5,72.9,74.1,74.6,74,72.7,71.3,73.9,73.6,75.1,57.9,69.4,72.8,67.1,76.5,67.7,64.5,76.1,75.0,74,72.3,72.9,71.2,72,72.9,74.2,58.3
2026-04-20 11:06:30,77.1,76.3,76.7,77.6,76.7,76.8,76.3,75.5,78.2,73,75,75.7,77.5,76.5,77.9,75.1,76.5,75.3,75.3,80.7,76.7,78.9,80.1,76.1,78.3,70.5,75.5,75.5,75.1,75.3,76.6,74.4
2026-04-20 11:06:35,58.9,47.6,62.5,55.7,60.9,65.1,41.7,39.4,52.1,37.6,38.5,54.9,49.3,43.5,44.9,71,58.8,46.3,60.3,58.8,63.1,66.6,44.4,38.7,52.3,37.3,38.3,54.8,48.7,43.4,43.9,71.9
2026-04-20 11:06:40,21.3,19,24.1,19,23.9,28.2,18.3,18.0,19.2,17.3,18.1,19,19.1,19.5,18.4,34.6,21.9,18.7,22.8,19.4,24.3,29.5,19.1,17.9,20.3,17.4,17.8,18.9,19,18.7,16.4,34.4
2026-04-20 11:06:45,20.6,30.3,17.3,22.9,18.2,14.4,35.6,38.7,27.9,41,38,22.1,29.8,35.1,33,16.5,19.9,29.9,17.7,21.7,18.3,15.1,35.4,40.0,28.9,41.9,39.3,23.1,31.3,34,32.1,16.7
2026-04-20 11:06:50,58.4,65.4,53.9,59.5,54.9,49.9,71.3,73.7,63.1,74,73.4,59,64.9,71.8,68.1,43.8,57.7,68.5,52.6,57.1,56.1,49.9,70.9,75.9,63.1,73.8,75.1,57.3,64.4,71.9,68.7,42.8
2026-04-20 11:06:55,77.2,86.2,74.6,77.1,75.1,73.9,92.8,95.9,83.5,98.6,94.6,76.7,85.8,91.9,88.9,74.2,76.8,88.9,72.9,74.1,77.1,72.3,93.3,99.3,83.2,97.8,96.9,76.5,85.4,91.9,91.0,73.1
2026-04-20 11:07:00,115,119,112,115,112,108,120,122,117,123,120,112,118,121,120,102,116,121,108,115,114,101,121,123,119,118,124,112,116,123,119,102
2026-04-20 11:07:05,130,129,127,129,127,124,126,127,127,129,125,127,127,127,129,123,132,129,124,129,130,117,129,128,128,126,128,131,125,128,126,125
2026-04-20 11:07:10,135,123,134,134,133,134,115,113,125,113,113,131,122,118,122,133,136,124,132,134,137,129,117,113,123,111,116,132,117,121,118,134
2026-04-20 11:07:15,94.4,79.9,98.1,91.5,96.2,104,69.1,64.6,81.8,63.9,65.9,91.6,78.5,72.1,75.8,111,95,81.9,97.7,89.3,102,103,70.7,66.3,77.5,65.9,64.4,92.4,74.9,74.1,74.6,112
2026-04-20 11:07:20,41.8,34.7,45.3,40.9,44.3,52.7,27.3,25.4,36.9,24.2,25.9,40.5,34.1,29.7,30.8,61.8,40.5,35.7,46.2,39.3,46.3,52.5,26.9,25.7,34.4,25.2,24.5,39.7,32.6,30.5,32,60.5
2026-04-20 11:07:25,19.3,19.3,18.1,18.1,18.5,18.3,16.5,16.9,18.7,16.3,15.8,19.1,18.5,17.3,17.6,21.1,18.9,20,17.9,16.9,20,18.5,17.7,17.3,18.5,16.9,14.6,18.3,19.4,17.3,17.6,20.8
2026-04-20 11:07:30,16.5,15.5,14.1,15.2,15.1,15.3,14.8,15.7,15.5,15.1,15.4,15.9,14.9,14.5,15.2,14.9,16.5,15.7,13.7,14.1,15.4,15.2,16.1,15.5,15.7,15.9,14.7,14.7,15.5,14.4,14.7,14.5
2026-04-20 11:07:35,16.1,15.3,15.3,14.5,15.9,15,15.1,14.7,15,15.8,15.1,15.2,15.1,14.7,16.1,15.1,16.1,15.4,16.2,13.7,16.5,14.5,16,14.1,15.9,16.5,14.3,14.1,16.1,14.8,15.1,14.9
2026-04-20 11:07:40,15.2,15.1,14.9,14.1,15.3,15.7,14.9,15.1,15.3,15.9,15.9,14.9,14.6,15.1,16.1,15.9,14.9,14.7,15.1,13.5,15.9,15.1,15.3,14.7,16.1,16.7,15.7,14.6,15.1,14.7,15.3,15.4
2026-04-20 11:07:45,14.8,16.1,15.8,14.7,15.2,15.1,15.3,14.8,15.7,15.9,15.4,14.4,15.6,15.1,15.9,16,14.9,15.9,16.4,14.3,16.1,14.1,14.5,14.2,16.8,16.3,15.4,14.2,16.1,15,16.3,16.1
2026-04-20 11:07:50,15.1,16.3,15,15.6,15.6,15.6,14.9,14.7,15.9,15.1,15.6,15,15.3,14.3,15.1,15.4,15.8,16.4,14.2,16.1,16.3,14.9,13.5,13.6,17.5,14.7,15.9,14.9,15.3,14.7,16.1,15.5
2026-04-20 11:07:55,15.5,16.5,15.9,15.7,15.9,15.3,16,14.7,15.5,15.3,14.7,14.9,15.5,14.3,14.8,14.7,16.3,15.9,15.3,16.3,16.1,14.5,14.8,14.3,16.1,14.3,14.7,15,15.7,14.7,17.1,14.9
2026-04-20 11:08:00,15.1,15.5,15.2,14.5,15.9,15.7,15.7,15.5,14.7,15.8,15.3,15.3,15,15.1,14.6,15.1,15.9,15.1,14.2,15.1,16.3,15.3,16,16.4,15.1,14.7,15.5,15.2,14.6,14.8,16.4,14.3
2026-04-20 11:08:05,15.2,15.9,15.5,15.1,15.4,15.8,15.7,15.3,14.7,15.8,14.7,15.3,15.7,15.1,14.8,14.7,15.6,15.2,14.1,15.9,14.9,15.4,16.3,16.7,13.8,15.3,15.1,15.4,16.1,15.1,16.1,13.3
2026-04-20 11:08:10,15.1,15.5,15.9,15.7,15.4,16.1,14.8,14.4,14.6,15.3,15.5,15.8,14.8,15.3,14.7,14.6,15.3,15.8,14.5,15.9,15.1,15.9,15.4,14.9,15.1,14.9,15.3,15.8,14.7,15.2,15,13.6
2026-04-20 11:08:15,15.4,15.7,16.5,16.1,15.6,15.9,14.9,14.3,14.8,15.3,15.3,15.5,14.9,16.0,15,14.7,15.4,15.6,15.6,16.5,14.3,16.1,15.4,14.0,15.1,15.1,14.5,16.3,14.8,16.0,14.5,14.6
2026-04-20 11:08:20,15.3,15.4,15.9,15.3,15.3,15.5,15.4,15.4,14.1,14.9,15.4,14.6,14.9,16.9,15,15.8,15.7,15.2,15.7,15.3,14.5,16.1,16.2,14.9,14.9,14.5,14.7,15.7,13.9,16.9,15.1,16.5
2026-04-20 11:08:25,15.5,16.1,15.3,14.4,14.9,14.7,15.7,15.7,14.9,14.8,14.7,14.6,16.2,16.3,15.3,15.5,15.7,15.5,16,14.2,13.3,15,16.9,15.7,15.9,14.9,14.2,15.1,14.7,16.6,14.7,15.7
2026-04-20 11:08:30,15.7,15.3,15.1,15.1,15.2,14.6,15.3,15.1,15.3,14,14.5,15.2,16.3,15.1,15,14.9,16,14.9,15.5,15,14.9,14.8,16.2,15.3,16.1,14.3,14.5,15.1,14.3,15.6,14.5,14.6
2026-04-20 11:08:35,15.9,14.9,15.3,15,15.5,14.7,15.4,14.3,15.5,14.7,14.5,15.7,15.8,15.3,15.8,14.8,15.9,14.3,16.1,14.1,15.2,15,15.9,15.3,15.9,15.3,14.9,15.9,14.1,15.6,15.1,14.1
2026-04-20 11:08:40,15.5,14.5,15.1,15.5,15.5,15.6,15.1,15.2,14.7,15.1,14.9,15.5,15,15.7,15.5,15.3,15.1,14,15.7,15,15.3,15.9,15.6,15.7,14.3,15.3,15.7,16.3,14.6,15.8,15.5,15.5
2026-04-20 11:08:45,15.5,15.9,15.1,15.5,15.3,16.3,16,15.3,14.8,15.5,14.6,15.3,15.1,16.1,15.3,16,14.9,15.5,15.3,14.7,14.5,16.1,16.1,14.7,14.9,15.5,15,16,16.2,16.2,15.4,16.1
2026-04-20 11:08:50,15.1,15.7,14.6,15.7,15.4,15.9,15.1,15.3,14.9,15.3,15.1,16.1,15.1,15,14.7,15.1,14.1,15.9,14.8,16.1,15.3,15.6,15.7,14.1,15.3,15.9,15.1,16.3,16.1,15.3,14.4,15
2026-04-20 11:08:55,15.1,16.3,14.8,15.7,15.7,15.7,14.9,15.0,15.4,15.1,15,15.7,15.6,15.4,15.7,15.3,14.9,16.3,14.3,16.6,16.5,16.1,15.2,13.9,14.9,15.6,14.5,15.3,15.7,15.5,15.7,14.1
2026-04-20 11:09:00,14.9,15.8,13.8,14.5,14.9,15.1,14.5,15.4,15.6,15.1,16.1,15.4,15.3,15.8,16.1,16.1,14.4,16.3,14.4,15,15.9,15.8,14.2,14.9,14.9,15.6,15.7,15.8,14.9,15.9,16.9,15.4
2026-04-20 11:09:05,14.9,15.8,14.2,14.4,15.5,15.5,15.3,15.1,16.1,14.9,15.3,14.9,15.6,16.1,16.7,16.4,15.9,15.9,14.2,13.8,16.8,16.1,15.1,15.0,15.1,15.1,14.8,15.1,15.2,15.8,18,15.3
2026-04-20 11:09:10,15.6,14.9,14.5,14.6,15.9,15.9,15.4,14.5,15.7,15.1,15.8,15.4,15.1,14.8,15.9,15.5,15.9,15.1,14.5,13.7,17,15.5,15,14.5,15.3,15.3,16.3,16.7,15,14.7,16.6,15.2
2026-04-20 11:09:15,15.5,15,15.6,14.9,16.7,15.9,15.5,15.0,15.1,15.5,15.2,15.1,15,14.3,15.9,15.3,15.5,14.1,14.5,14.7,17.3,15.5,15.7,15.3,14.8,15.5,15.8,16.1,14.7,14.5,15.5,14.5
2026-04-20 11:09:20,15.1,14.4,15.5,14.8,15.4,16,14.5,15.8,14.7,14.8,16.3,15.4,15.2,14.5,15.3,16.5,14.3,13.3,14.9,14.3,15.6,16,14.6,16.6,15.4,14.2,17.1,16.3,14.7,14.8,14.7,16.5
2026-04-20 11:09:25,15,14.9,15.5,15.3,15.5,15.5,14.5,15.9,14.7,14.6,15.7,15.5,15.9,14.9,15.5,16.5,14,14.5,15.7,14.5,15.6,15.9,15.4,16.5,15.4,14.1,16,14.9,15.1,15.4,14.7,16.1
2026-04-20 11:09:30,15.5,14.6,15,15.4,15.2,15.8,14.3,15.3,14.5,14.1,15.8,16.7,15.6,14.4,14.9,15.9,15.1,14.8,15.7,15,16,16.4,15.5,15.7,14.7,13.5,15.9,15.3,15,14.4,14.9,15.5
2026-04-20 11:09:35,15.3,15.3,15.5,14.8,16.1,16.3,15.1,15.5,14.3,15.3,15.7,15.7,14.7,14.7,15.2,15.1,14.5,15.9,16.6,14.7,16.9,17.7,16.1,15.0,14.1,15.3,15,14,14.6,15.3,15.3,13.9
2026-04-20 11:09:40,15,15.1,15.2,14.1,15.3,16.3,15.6,16.0,14.7,15.3,16.5,15.2,14.3,15,14.6,15.8,14.6,15,15.7,14.4,16,17.6,16,15.7,15.4,15,15.9,13.9,14.5,15.7,14.3,14.8
2026-04-20 11:09:45,14.7,15.5,15.3,14.3,15.7,16.3,15.9,15.5,15.6,15.5,16.1,14.2,14.5,15.5,15.3,15.5,14.3,14.6,15.1,13.7,16.3,17.7,16.5,15.6,17.2,15.6,15.6,13.6,14.9,15.7,14.9,14.6
2026-04-20 11:09:50,16.1,15.5,15.2,15.9,15.3,15.6,15.5,14.7,15.5,15.1,15.4,15.4,14.9,15.1,14.9,15.2,15.5,15.2,14.5,16.3,15.4,15.7,16.1,15.5,16.8,14.5,15.3,15.3,15.7,14.4,14,14.6
2026-04-20 11:09:55,15.5,16.1,15.4,15.3,16.1,15.2,15.4,14.9,15.3,16.2,14.4,15.2,15,15.7,15.7,15.6,15.4,16,14.9,16.1,15.6,16.2,15.8,15.7,15.3,15.3,14.3,16.1,15.6,14.1,15.4,14.5
2026-04-20 11:10:00,15.3,15.5,15.1,14.9,15.5,15.1,15,15.5,14.9,16.1,15,15.5,15.1,16.5,15.3,16.7,15.1,16.9,15.5,15.7,14.7,15.6,14.5,16.5,13.9,14.3,15.3,16.5,15.7,15.6,14.5,15.5
2026-04-20 11:10:05,14.3,15.7,15.3,14.3,15,15.1,15,15.3,15.5,16,15.3,15.4,15.7,15.7,16,16.3,15.5,16.7,15.1,15.3,14.7,15.8,14.7,16.4,14.5,15.1,16.5,15.9,15.3,15.5,14.7,15.8
2026-04-20 11:10:10,15.5,15.2,14.8,15.9,14.8,15.5,14.3,15.1,15.5,15.1,15.7,16.1,15.3,15.1,15,15.3,16.3,16.1,14.2,16.7,15,15.1,13.8,16.5,14.8,14.7,16.1,16.1,15.3,15.1,13.7,15
2026-04-20 11:10:15,15.6,15.8,15.4,16.1,15.3,15.5,14.7,15.2,15.1,15.2,15.3,15.7,15.3,14.9,15.8,14.3,16.8,15.5,14.2,17.4,15.3,15.7,14.9,16.4,15.3,15.6,16.1,15.5,14.4,14.4,15.1,14.2
2026-04-20 11:10:20,15.7,14.9,14.8,15.7,15.7,15.6,14.9,16.3,14.7,14.8,16.1,15.2,14.9,15.9,14.7,15.3,15.9,14.5,14.3,15.5,15.6,15.7,14.7,17.3,14.9,15.3,16.5,14.9,14.1,15.9,15.1,14.5
2026-04-20 11:10:25,15.2,15.1,15.1,15.3,15.6,15.4,15.1,15.5,15.3,14.7,16.1,14.7,15.9,15.9,15.9,15.4,15.6,14.1,14.3,14.5,15.5,16.1,14.6,15.7,15.9,15.7,17.0,14,15.1,16.1,16.3,15.2
2026-04-20 11:10:30,15.7,15.1,15.1,15.5,15.1,16.3,14.7,14.8,14.9,14.7,16.5,15.9,15.7,15.1,15.1,14.7,16.3,14.5,14.6,14.8,15.6,15.8,13.6,15.5,14.6,15.7,16.7,15.5,15.2,15.6,14.9,14.7
2026-04-20 11:10:35,15.8,15.9,15.5,15.2,15.3,16.6,15,14.5,14.5,15.8,15.6,15.8,15.5,15.1,16.1,14.1,16,15.3,14.7,14.7,14.9,17.1,14.5,15.3,14.3,16.8,16.1,15.1,16.1,15.5,15.7,15.3
2026-04-20 11:10:40,15.3,15.6,14.9,14.8,15,17,15.6,15.1,13.5,16.1,15.9,16.2,15.4,15.2,15.1,14.7,14.6,16.1,14.8,14.3,14.3,16.4,15.9,16.7,12.9,16.5,16.7,15.2,16.1,15.7,14.3,15.5
2026-04-20 11:10:45,14.9,15.6,14.5,14.5,15.1,16.0,16,15.3,14.3,16.1,15.4,15.1,15.7,15.9,15.9,15.5,14.1,15.7,14.2,14.1,14.3,16.0,16.6,16.3,14.3,16.5,16.1,14.5,15.9,16.2,15.9,16
2026-04-20 11:10:50,15.3,15.4,15.1,15.3,14.9,15.9,15.5,14.7,14.2,15.5,15.6,15.7,15.9,15.3,14.7,15.2,14.8,15.7,14.9,15.5,14.4,15,15.1,15.9,13.9,15.3,15.4,16.1,15.9,14.6,14.5,15.3
2026-04-20 11:10:55,15.1,15.7,16,14.7,15.3,15.2,15.8,14.9,14.9,14.9,15.4,14.7,15.7,15.4,15.5,14.7,15.7,15.9,15.5,15.4,14.9,15.5,14.7,15.0,15.1,14.8,15.2,15.7,15.5,15.1,14.9,14.7
2026-04-20 11:11:00,15.2,14.9,15.7,14.5,14.9,15.3,15.8,15.4,15.1,14.9,15.5,14.5,15.9,15,15.1,14.7,15.1,15,15.4,14.8,14.5,16.1,15.4,14.9,15.7,14.3,16,15.2,16.7,13.7,14,14.6
2026-04-20 11:11:05,15.1,15.2,14.8,14.6,15.4,14.6,16.3,15.5,15.9,14.7,15.1,14.5,16.1,15,16.1,14.7,15.5,14.5,14.8,15.5,16,15.2,16.3,14.3,16.3,14.1,16.1,14.9,16.3,14.5,14.9,14.7
2026-04-20 11:11:10,16.2,14.7,14.5,15.4,15.1,15.1,15.1,15.3,15.9,14.9,15.3,16,15.4,14.5,15.7,14.9,16.1,13.8,15.1,16,16.1,14.7,15.4,14.6,15.8,14.5,16.3,16.2,15.5,14.2,14.5,15.3
2026-04-20 11:11:15,15.9,15.5,15.5,15.4,15.2,14.9,14.5,15.3,15.5,15.2,15,16.3,15,15,15.7,15.1,15.9,14.3,16.7,15.7,16.1,13.9,14.3,14.9,14.6,16,15.1,16.2,15.1,16,14.7,15.3
2026-04-20 11:11:20,15.4,15.5,15.3,14.9,14.7,15.4,14.1,16.2,15.3,15.1,15.3,15.6,15.3,15.8,15.2,16.1,14.7,14.8,16.5,14.3,15,14.9,13.9,16.1,14.5,15.9,15,15.5,15.7,16.9,15.3,16.3
2026-04-20 11:11:25,14.5,15.8,15.6,15.3,14.5,15.5,15.2,15.7,15.3,14.9,14.4,14.9,16.3,16.1,15.6,16.2,13.9,14.7,16.9,14.9,14.2,14.9,15.2,15.4,14.1,15.3,14.4,15.5,16.9,16.7,15.9,16.2
2026-04-20 11:11:30,14.7,15.5,15.3,16.6,15.1,15.3,15,15.1,14.9,14.8,15.2,14.7,16.3,15.6,14.7,16.1,14.7,15.9,16.5,16.3,14.5,15.3,14.7,14.5,14.1,15,15.3,15.7,16.3,15.9,15.6,15.8
2026-04-20 11:11:35,14.6,15.5,16.5,16.6,16.1,15.3,14.7,14.9,14.1,15.5,15.1,15.1,15.5,14.9,14.9,15.5,15.1,16.5,17.6,16.5,15.7,14.9,15.2,14.0,13.5,16.1,15.2,15.6,15.5,15.4,15.2,14.6
2026-04-20 11:11:40,14.7,15.3,16.2,16.2,16.3,15.1,14.1,15.6,14.5,15.7,15.5,14.8,14.7,15.7,15,15.6,15.5,17,16.2,15.1,16.3,14.5,14.3,15.7,15.1,16.1,14.5,14.9,14.4,16.8,15.9,14
2026-04-20 11:11:45,15.3,15.8,16.5,15.3,16.3,15.1,14.5,15.6,14.9,15.2,14.6,15.3,15.1,15.9,16.1,15.5,15.4,16.8,15.9,15.2,15.8,13.6,14.7,16.1,15.4,15.3,13.9,15.8,14.8,17.2,16.4,14.5
2026-04-20 11:11:50,15.9,15.1,15.4,15.2,15.6,15.3,14.4,15.3,15.7,15.3,15.5,15.4,14.9,15.5,15.4,14.9,15.3,15.4,14.9,15.3,15.6,13.5,13.9,16.1,15.7,15,14.6,16.6,14.3,16.8,15.5,14.4
2026-04-20 11:11:55,16,15.2,15.7,15.1,15.7,15.3,14.3,15.1,15.5,15.8,15.4,15.2,15,15.7,15.3,15.3,15.8,14.7,16.3,16.5,15.5,13.9,13.6,15.5,14.7,16.5,15.6,16,14.7,15.9,14.8,15.2
2026-04-20 11:12:00,15.5,14.9,14.4,15.1,15,16.1,14.5,15.6,15.7,16,16.1,15,14.7,15.7,14.9,15.5,15.8,14.8,14.1,15.1,15.5,15,14.7,16.1,15.1,16.4,16.8,15.7,14.5,15.7,14.2,15.3
2026-04-20 11:12:05,15.2,15.9,14.5,15.9,15.6,15.3,15.5,14.9,16.2,15.2,14.9,15.1,15.7,15.9,15.8,15.5,15.8,15.5,14.6,15.5,15.3,14.1,16,15.3,15.8,16.6,16.3,15.7,16,15.2,14.6,15.1
2026-04-20 11:12:10,15.5,15.9,14.5,16.7,15.9,15.2,15.9,14.9,15.8,14.7,14.9,16.1,15.3,15,14.9,15.1,15.5,16,14.7,15.8,15.8,14.2,16.1,15.2,15,15.2,15.8,17,15.9,14.3,14.3,14.4
2026-04-20 11:12:15,15.2,15.7,15.4,16.1,16.4,15.1,16.1,14.7,15.3,15.3,14.2,15.7,15.6,15.1,15.2,15,15.1,15.1,16.7,15.4,16.3,14.2,16.2,15.2,14.3,15.9,13.7,16,16.9,13.6,15.5,14.7
2026-04-20 11:12:20,14.9,15.1,15.4,15.5,15.3,16,15.9,15.3,14.8,16.1,14.8,15.3,14.9,15.6,14.9,15.4,15.2,15.3,16.3,15.1,15.6,15.9,15.4,15.3,14.3,15.5,13.9,15.3,15.9,14.7,15.5,15.1
2026-04-20 11:12:25,14.5,16,15.2,14.6,15.3,15.6,15,14.7,14.9,16,15.2,15.1,15.5,15.7,16.5,15.3,14.8,16.1,16.1,14.8,15.5,15.3,15,14.6,15.4,15.4,14,15.1,16.5,15.1,16.7,15.9
2026-04-20 11:12:30,15.1,15.6,15.5,15.7,14.9,15.1,14.7,15.2,14.6,15.9,15.6,15.8,15.5,15.6,15.8,14.5,15.7,15.5,16.1,16.7,15,14.2,13.9,15.2,15.3,16.1,14.9,16.2,15.3,15.7,15.7,14.7
2026-04-20 11:12:35,15.3,15.7,15.7,15.1,15.8,14.3,14.9,15.3,15.1,16.1,15.5,15.4,15.2,15.7,16.1,14.7,16.5,15.1,15.8,15.6,15.9,13.1,14.5,15.9,15.2,17.1,14.4,15.7,14.3,15.7,16,15
2026-04-20 11:12:40,15.5,14.7,15.1,15.1,15.5,14.6,15.7,16.3,15.3,16,16.1,14.5,15.1,15.6,15.1,14.9,17.2,14.4,15.3,15.2,15.7,13.6,15.8,16.7,14,16.7,15.1,14.4,14.4,15.8,15.6,14.9
2026-04-20 11:12:45,15.2,15.7,15.3,14.9,15.3,14.7,15.9,15.3,15.7,15.3,15.9,15,15.3,15.4,15.9,15.3,16.3,16,15.8,14.7,15.6,15.1,16.1,15.4,14.1,15.3,15.1,13.9,14.8,15.7,15.7,15.3
2026-04-20 11:12:50,15.6,15,15.5,15.6,14.6,15.3,15.5,15.1,14.8,14.7,16.1,15.7,15.8,14.9,15.3,14.7,16.1,15.3,16.4,15.8,14.2,16.5,15.9,14.9,13.6,14.5,15.9,14.3,16.0,15.3,15.4,15.3
2026-04-20 11:12:55,15.8,15.5,16.5,15.3,15.4,15.6,15.8,14.7,14.7,15.1,15.1,15.9,15.7,15.7,15.1,14.9,16.2,15.5,16.9,15,13.8,17.0,15.7,14.3,14.7,15.5,15.3,14.9,16,16,14.9,15.7
2026-04-20 11:13:00,15.5,14.9,16.1,14.8,15.8,15.9,14.9,15.5,15,15.8,14.8,15.1,15.3,16.3,14.7,15.6,15.5,14.8,16.1,14.5,14.5,16.6,14.9,14.9,15.3,16.5,15.5,14.1,16.1,16.7,14.8,15.9
2026-04-20 11:13:05,15.3,15.7,15.4,15.2,15.8,15.7,14.8,15.5,15.7,15.7,14.6,15.1,15.6,16.5,15.4,15.6,15.6,15.5,15.7,15.5,15,16.1,14.8,14.1,16.4,15.3,14.9,14.5,16,16.5,15.7,14.5
2026-04-20 11:13:10,10.7,14.8,14.7,15.8,14.8,15.7,13.7,14.5,15.4,15.5,14.5,15.3,15.3,15.4,14.8,14.8,10.5,15.6,15.7,16.5,15.1,15.7,13.7,13.4,15.8,14.7,14.2,15,15.5,15,15.6,14.2
2026-04-20 11:13:15,7.16,14.9,15.1,15.3,14.9,15.7,13.9,14.4,14.9,14.8,14.2,14.9,15.9,15.5,14.5,14.3,7.81,15.9,16,15.7,14.7,15.3,13.4,14.0,14.7,13.9,13.4,14.8,16.1,15.2,15,13.7
2026-04-20 11:13:20,,14.4,14.6,14.5,14.5,15.5,13.5,14.6,15,14.5,14.1,14.2,15.3,15,13.6,15.2,,15.5,16.1,13.9,14.3,15.3,12.6,14.6,14.7,14.8,14.6,13.7,15.9,14.8,14.3,15.6
2026-04-20 11:13:25,,15.2,14.8,14.6,14.5,15,14.3,15.2,15,14.5,13.5,14.3,15.7,14.9,14.7,15.2,,15.5,15.6,14.4,13.9,14.7,13.7,15.1,14.5,14.3,15.1,13.2,15.9,15.1,14.7,14.7
2026-04-20 11:13:30,,14.7,14.7,16.1,14.3,14.3,13.9,14.5,14.9,14.7,14.5,14.7,14.7,13.8,14.5,15.1,,14.4,15.3,15.3,13.5,14.6,14.2,14.4,15.1,15,16.1,13.5,14.4,13.8,14.5,15.4
2026-04-20 11:13:35,,14.7,16,16,14.8,14.6,14.9,14.0,14.1,15,14.3,15.3,14.3,13.7,15.3,14.9,,14.7,16,15.9,13.7,15.1,15,14.9,14.1,14.4,15.5,14.3,13.9,14.2,15.1,15
2026-04-20 11:13:40,,14.5,15.4,15.5,14.5,14.9,14.7,14.3,14.7,14.6,15.2,14.7,14.5,14.1,15.1,15.5,,13.9,15.3,14.7,13.5,15.6,14.7,15.9,15,14.5,15.4,14.6,14,14.1,15.1,16
2026-04-20 11:13:45,,15.4,15.3,14.8,14.7,14.7,15.5,14.5,15.1,14.3,14,14.4,15.4,14.3,15.6,14.9,,14.7,14.9,14.3,14.3,15,15,15.7,15.7,13.6,14.9,14.9,15.3,14.3,16.5,14.9
2026-04-20 11:13:50,,15.1,14.7,15.3,14.4,14.5,15,14.7,15.3,13.8,14.2,14.8,15.5,14,14.6,14.4,,14.3,13.9,15.3,14.1,14.3,14.3,15.7,15.8,14.1,14.3,14.9,14.9,14.4,15.3,14.2
2026-04-20 11:13:55,,14.7,15.1,14.9,15,14.1,15.1,14.7,14.9,13.8,13.5,14.6,15,14.3,14.3,14,,13.9,13.9,15.7,14.9,13.7,13.7,14.9,15.7,15.4,14,14.5,14.3,14.8,14.6,13.5
2026-04-20 11:14:00,,14.1,14.2,14.2,14.5,14.6,14.5,15.2,14.3,13.7,14.1,14.5,13.8,14.3,13.5,14.6,,14.2,13.3,15.3,13.7,14.3,13.6,15.3,15.1,15.8,13.6,14.1,13.1,14.9,13,14.5