"Time","Cumulative (Received)","Cumulative (Endorsed Successfully)","Cumulative (Committed Successfully)"
2026-04-20 10:04:40,2,2,
2026-04-20 10:04:45,6,6,
2026-04-20 10:04:50,7,7,
2026-04-20 10:04:55,7,7,
2026-04-20 10:05:00,7,7,
2026-04-20 10:05:05,175,175,230
2026-04-20 10:05:10,426,426,480
2026-04-20 10:05:15,675,675,730
2026-04-20 10:05:20,926,926,980
2026-04-20 10:05:25,1175,1175,1230
2026-04-20 10:05:30,1426,1426,1480
2026-04-20 10:05:35,1511,1511,1504
2026-04-20 10:05:40,1511,1511,1504
2026-04-20 10:05:45,1511,1511,1734
2026-04-20 10:05:50,2571,2571,2874
2026-04-20 10:05:55,3821,3821,4124
2026-04-20 10:06:00,5071,5071,5374
2026-04-20 10:06:05,6321,6321,6624
2026-04-20 10:06:10,7571,7571,7874
2026-04-20 10:06:15,8821,8821,8894
2026-04-20 10:06:20,9015,9015,9008
2026-04-20 10:06:25,9015,9015,9008
2026-04-20 10:06:30,9015,9015,9008
2026-04-20 10:06:35,10876,10876,11498
2026-04-20 10:06:40,13376,13376,13998
2026-04-20 10:06:45,15876,15876,16498
2026-04-20 10:06:50,18376,18376,18998
2026-04-20 10:06:55,20876,20876,21498
2026-04-20 10:07:00,23376,23376,23998
2026-04-20 10:07:05,24019,24019,24012
2026-04-20 10:07:10,24019,24019,24012
2026-04-20 10:07:15,24141,24139,24592
2026-04-20 10:07:20,26250,26249,26862
2026-04-20 10:07:25,28695,28694,29312
2026-04-20 10:07:30,31149,31148,31762
2026-04-20 10:07:35,33597,33597,34202
2026-04-20 10:07:40,36047,36047,36662
2026-04-20 10:07:45,38499,38498,39112
2026-04-20 10:07:50,40950,40949,41562
2026-04-20 10:07:55,43407,43407,44022
2026-04-20 10:08:00,46062,46062,46762
2026-04-20 10:08:05,48853,48851,49552
2026-04-20 10:08:10,51647,51646,52342
2026-04-20 10:08:15,54433,54432,55122
2026-04-20 10:08:20,57219,57219,57922
2026-04-20 10:08:25,60012,60012,60712
2026-04-20 10:08:30,62803,62802,63502
2026-04-20 10:08:35,65596,65595,66292
2026-04-20 10:08:40,68501,68501,69282
2026-04-20 10:08:45,71692,71691,72492
2026-04-20 10:08:50,74895,74895,75702
2026-04-20 10:08:55,78094,78090,78902
2026-04-20 10:09:00,81312,81309,82112
2026-04-20 10:09:05,84522,84522,85322
2026-04-20 10:09:10,87717,87717,88522
2026-04-20 10:09:15,90932,90932,91732
2026-04-20 10:09:20,94299,94298,95592
2026-04-20 10:09:25,99516,99515,100862
2026-04-20 10:09:30,104901,104900,106242
2026-04-20 10:09:35,110300,110300,111652
2026-04-20 10:09:40,115709,115709,117062
2026-04-20 10:09:45,121100,121098,122442
2026-04-20 10:09:50,126486,126481,127842
2026-04-20 10:09:55,131919,131915,133292
2026-04-20 10:10:00,137356,137351,138712
2026-04-20 10:10:05,142777,142771,144142
2026-04-20 10:10:10,148186,148182,149562
2026-04-20 10:10:15,153644,153641,154992
2026-04-20 10:10:20,159034,159031,160392
2026-04-20 10:10:25,164426,164421,165792
2026-04-20 10:10:30,169844,169840,171212
2026-04-20 10:10:35,175278,175273,176642
2026-04-20 10:10:40,180704,180701,182072
2026-04-20 10:10:45,186119,186117,187482
2026-04-20 10:10:50,191555,191551,192922
2026-04-20 10:10:55,197032,197028,198392
2026-04-20 10:11:00,202465,202462,203802
2026-04-20 10:11:05,207841,207841,209202
2026-04-20 10:11:10,213258,213257,214612
2026-04-20 10:11:15,218693,218690,220052
2026-04-20 10:11:20,224103,224101,225472
2026-04-20 10:11:25,229559,229557,230922
2026-04-20 10:11:30,235007,235006,236372
2026-04-20 10:11:35,240421,240420,241772
2026-04-20 10:11:40,245831,245829,247192
2026-04-20 10:11:45,251275,251271,252612
2026-04-20 10:11:50,256688,256687,258052
2026-04-20 10:11:55,262133,262132,263512
2026-04-20 10:12:00,267563,267559,268922
2026-04-20 10:12:05,272963,272963,274322
2026-04-20 10:12:10,278345,278342,279722
2026-04-20 10:12:15,283562,283561,284232
2026-04-20 10:12:20,284976,284976,284969
2026-04-20 10:12:25,284976,284976,284969
2026-04-20 10:12:30,284976,284976,284969
2026-04-20 10:12:35,284979,284979,284969
2026-04-20 10:12:40,287835,287831,289158
2026-04-20 10:12:45,293150,293149,294468
2026-04-20 10:12:50,294976,294976,294968
2026-04-20 10:12:55,294976,294976,294968
2026-04-20 10:13:00,294976,294976,294968
2026-04-20 10:13:05,294985,294976,294968
2026-04-20 10:13:10,295032,294976,294968
2026-04-20 10:13:15,295081,294976,294968
2026-04-20 10:13:20,295133,294976,294968
2026-04-20 10:13:25,295188,294976,294968
2026-04-20 10:13:30,295240,294976,294968
2026-04-20 10:13:35,295296,294976,294968
2026-04-20 10:13:40,295351,294976,294968
2026-04-20 10:13:45,295408,294976,294968
2026-04-20 10:13:50,295467,294976,294968
2026-04-20 10:13:55,295524,294976,294968
2026-04-20 10:14:00,295586,294976,294968
2026-04-20 10:14:05,295647,294976,294968
2026-04-20 10:14:10,295710,294976,294968
2026-04-20 10:14:15,295774,294976,294968
2026-04-20 10:14:20,295838,294976,294968
2026-04-20 10:14:25,295906,294976,294968
2026-04-20 10:14:30,295974,294976,294968
2026-04-20 10:14:35,296045,294976,294968
2026-04-20 10:14:40,296116,294976,294968
2026-04-20 10:14:45,296189,294976,294968
2026-04-20 10:14:50,296265,294976,294968
2026-04-20 10:14:55,296341,294976,294968
2026-04-20 10:15:00,296420,294976,294968
2026-04-20 10:15:05,296501,294976,294968
2026-04-20 10:15:10,296585,294976,294968
2026-04-20 10:15:15,296671,294976,294968
2026-04-20 10:15:20,296759,294976,294968
2026-04-20 10:15:25,296850,294976,294968
2026-04-20 10:15:30,296943,294976,294968
2026-04-20 10:15:35,297040,294976,294968
2026-04-20 10:15:40,297141,294976,294968
2026-04-20 10:15:45,297243,294976,294968
2026-04-20 10:15:50,297351,294976,294968
2026-04-20 10:15:55,297462,294976,294968
2026-04-20 10:16:00,297577,294976,294968
2026-04-20 10:16:05,297697,294976,294968
2026-04-20 10:16:10,297821,294976,294968
2026-04-20 10:16:15,297951,294976,294968
2026-04-20 10:16:20,298087,294976,294968
2026-04-20 10:16:25,298230,294976,294968
2026-04-20 10:16:30,298380,294976,294968
2026-04-20 10:16:35,298537,294976,294968
2026-04-20 10:16:40,298702,294976,294968
2026-04-20 10:16:45,298878,294976,294968
2026-04-20 10:16:50,299064,294976,294968
2026-04-20 10:16:55,299263,294976,294968
2026-04-20 10:17:00,299474,294976,294968
2026-04-20 10:17:05,299703,294976,294968
2026-04-20 10:17:10,299950,294976,294968
2026-04-20 10:17:15,300219,294976,294968
2026-04-20 10:17:20,300515,294976,294968
2026-04-20 10:17:25,300842,294976,294968
2026-04-20 10:17:30,301207,294976,294968
2026-04-20 10:17:35,301626,294976,294968
2026-04-20 10:17:40,302111,294976,294968
2026-04-20 10:17:45,302689,294976,294968
2026-04-20 10:17:50,303015,294976,294968
2026-04-20 10:17:55,303342,294976,294968
2026-04-20 10:18:00,303707,294976,294968
2026-04-20 10:18:05,304125,294976,294968
2026-04-20 10:18:10,304272,294976,294968
2026-04-20 10:18:15,304272,294976,294968
2026-04-20 10:18:20,304272,294976,294968
2026-04-20 10:18:25,304272,294976,294968
2026-04-20 10:18:30,304272,294976,294968
2026-04-20 10:18:35,304272,294976,294968
2026-04-20 10:18:40,304272,294976,294968
2026-04-20 10:18:45,304272,294976,294968
2026-04-20 10:18:50,304272,294976,294968
2026-04-20 10:18:55,304272,294976,294968
2026-04-20 10:19:10,1,1,
2026-04-20 10:19:15,4,4,
2026-04-20 10:19:20,12,12,
2026-04-20 10:19:25,13,13,
2026-04-20 10:19:30,13,13,
2026-04-20 10:19:35,13,13,
2026-04-20 10:19:40,13,13,30
2026-04-20 10:19:45,111,111,200
2026-04-20 10:19:50,330,330,450
2026-04-20 10:19:55,581,581,700
2026-04-20 10:20:00,830,830,950
2026-04-20 10:20:05,1081,1081,1200
2026-04-20 10:20:10,1330,1330,1420
2026-04-20 10:20:15,1486,1486,1500
2026-04-20 10:20:20,1517,1517,1504
2026-04-20 10:20:25,1517,1517,1504
2026-04-20 10:20:30,1517,1517,1504
2026-04-20 10:20:35,1517,1517,1504
2026-04-20 10:20:40,1546,1546,1734
2026-04-20 10:20:45,2166,2165,2814
2026-04-20 10:20:50,3381,3381,4064
2026-04-20 10:20:55,4630,4630,5314
2026-04-20 10:21:00,5881,5881,6564
2026-04-20 10:21:05,7130,7130,7814
2026-04-20 10:21:10,8353,8352,8834
2026-04-20 10:21:15,8985,8985,9008
2026-04-20 10:21:20,9021,9021,9008
2026-04-20 10:21:25,9021,9021,9008
2026-04-20 10:21:30,9021,9021,9008
2026-04-20 10:21:35,9038,9038,9368
2026-04-20 10:21:40,9930,9930,10618
2026-04-20 10:21:45,11464,11463,12858
2026-04-20 10:21:50,13964,13963,15348
2026-04-20 10:21:55,16464,16464,17858
2026-04-20 10:22:00,18964,18963,20358
2026-04-20 10:22:05,21448,21448,22488
2026-04-20 10:22:10,23056,23056,23738
2026-04-20 10:22:15,24024,24024,24011
2026-04-20 10:22:20,24024,24024,24011
2026-04-20 10:22:25,24024,24024,24011
2026-04-20 10:22:30,24024,24024,24011
2026-04-20 10:22:35,24024,24024,24011
2026-04-20 10:22:40,24286,24286,25301
2026-04-20 10:22:45,26110,26109,27411
2026-04-20 10:22:50,28486,28486,29821
2026-04-20 10:22:55,30892,30892,32231
2026-04-20 10:23:00,33299,33299,34641
2026-04-20 10:23:05,35717,35714,37051
2026-04-20 10:23:10,38124,38124,39461
2026-04-20 10:23:15,40540,40540,41881
2026-04-20 10:23:20,42949,42946,44371
2026-04-20 10:23:25,45543,45543,47031
2026-04-20 10:23:30,48235,48235,49741
2026-04-20 10:23:35,50958,50958,52471
2026-04-20 10:23:40,53676,53676,55191
2026-04-20 10:23:45,56393,56393,57911
2026-04-20 10:23:50,59113,59112,60621
2026-04-20 10:23:55,61829,61826,63341
2026-04-20 10:24:00,64553,64551,66071
2026-04-20 10:24:05,67406,67406,69061
2026-04-20 10:24:10,70420,70419,72141
2026-04-20 10:24:15,73514,73514,75241
2026-04-20 10:24:20,76616,76616,78341
2026-04-20 10:24:25,79717,79717,81441
2026-04-20 10:24:30,82819,82816,84541
2026-04-20 10:24:35,85910,85908,87631
2026-04-20 10:24:40,89005,89005,90721
2026-04-20 10:24:45,92306,92306,94811
2026-04-20 10:24:50,96835,96825,99511
2026-04-20 10:24:55,101672,101669,104361
2026-04-20 10:25:00,106518,106517,109231
2026-04-20 10:25:05,111426,111417,114141
2026-04-20 10:25:10,116289,116288,118991
2026-04-20 10:25:15,121199,121196,123901
2026-04-20 10:25:20,126100,126097,128831
2026-04-20 10:25:25,130987,130980,133731
2026-04-20 10:25:30,135891,135889,138591
2026-04-20 10:25:35,140769,140766,143501
2026-04-20 10:25:40,145637,145634,148331
2026-04-20 10:25:45,150519,150519,153211
2026-04-20 10:25:50,155386,155383,158091
2026-04-20 10:25:55,160259,160255,162961
2026-04-20 10:26:00,165143,165140,167861
2026-04-20 10:26:05,169997,169995,172691
2026-04-20 10:26:10,174853,174848,177511
2026-04-20 10:26:15,179688,179685,182381
2026-04-20 10:26:20,184511,184503,187221
2026-04-20 10:26:25,189397,189393,192071
2026-04-20 10:26:30,194243,194240,196981
2026-04-20 10:26:35,199126,199123,201851
2026-04-20 10:26:40,203984,203979,206651
2026-04-20 10:26:45,208811,208805,211531
2026-04-20 10:26:50,213735,213734,216431
2026-04-20 10:26:55,218645,218637,221371
2026-04-20 10:27:00,223526,223524,226281
2026-04-20 10:27:05,228490,228487,231171
2026-04-20 10:27:10,233344,233337,236041
2026-04-20 10:27:15,238184,238181,240941
2026-04-20 10:27:20,243126,243123,245811
2026-04-20 10:27:25,248012,248003,250721
2026-04-20 10:27:30,252872,252872,255631
2026-04-20 10:27:35,257835,257826,260521
2026-04-20 10:27:40,262252,262252,263591
2026-04-20 10:27:45,264682,264682,264794
2026-04-20 10:27:50,264807,264807,264794
2026-04-20 10:27:55,264807,264807,264794
2026-04-20 10:28:00,264807,264807,264794
2026-04-20 10:28:05,264807,264807,264800
2026-04-20 10:28:10,266423,266420,268420
2026-04-20 10:28:15,270553,270546,272670
2026-04-20 10:28:20,274185,274185,274790
2026-04-20 10:28:25,274807,274807,274794
2026-04-20 10:28:30,274807,274807,274794
2026-04-20 10:28:35,274807,274807,274794
2026-04-20 10:28:40,274807,274807,274794
2026-04-20 10:28:45,274815,274807,274794
2026-04-20 10:28:50,274839,274807,274794
2026-04-20 10:28:55,274877,274807,274794
2026-04-20 10:29:00,274929,274807,274794
2026-04-20 10:29:05,274983,274807,274794
2026-04-20 10:29:10,275035,274807,274794
2026-04-20 10:29:15,275089,274807,274794
2026-04-20 10:29:20,275145,274807,274794
2026-04-20 10:29:25,275200,274807,274794
2026-04-20 10:29:30,275259,274807,274794
2026-04-20 10:29:35,275315,274807,274794
2026-04-20 10:29:40,275375,274807,274794
2026-04-20 10:29:45,275435,274807,274794
2026-04-20 10:29:50,275499,274807,274794
2026-04-20 10:29:55,275561,274807,274794
2026-04-20 10:30:00,275625,274807,274794
2026-04-20 10:30:05,275691,274807,274794
2026-04-20 10:30:10,275757,274807,274794
2026-04-20 10:30:15,275827,274807,274794
2026-04-20 10:30:20,275899,274807,274794
2026-04-20 10:30:25,275969,274807,274794
2026-04-20 10:30:30,276043,274807,274794
2026-04-20 10:30:35,276120,274807,274794
2026-04-20 10:30:40,276197,274807,274794
2026-04-20 10:30:45,276277,274807,274794
2026-04-20 10:30:50,276359,274807,274794
2026-04-20 10:30:55,276443,274807,274794
2026-04-20 10:31:00,276530,274807,274794
2026-04-20 10:31:05,276619,274807,274794
2026-04-20 10:31:10,276711,274807,274794
2026-04-20 10:31:15,276806,274807,274794
2026-04-20 10:31:20,276903,274807,274794
2026-04-20 10:31:25,277005,274807,274794
2026-04-20 10:31:30,277110,274807,274794
2026-04-20 10:31:35,277217,274807,274794
2026-04-20 10:31:40,277330,274807,274794
2026-04-20 10:31:45,277447,274807,274794
2026-04-20 10:31:50,277567,274807,274794
2026-04-20 10:31:55,277694,274807,274794
2026-04-20 10:32:00,277827,274807,274794
2026-04-20 10:32:05,277965,274807,274794
2026-04-20 10:32:10,278109,274807,274794
2026-04-20 10:32:15,278262,274807,274794
2026-04-20 10:32:20,278422,274807,274794
2026-04-20 10:32:25,278591,274807,274794
2026-04-20 10:32:30,278769,274807,274794
2026-04-20 10:32:35,278959,274807,274794
2026-04-20 10:32:40,279163,274807,274794
2026-04-20 10:32:45,279381,274807,274794
2026-04-20 10:32:50,279616,274807,274794
2026-04-20 10:32:55,279871,274807,274794
2026-04-20 10:33:00,280150,274807,274794
2026-04-20 10:33:05,280456,274807,274794
2026-04-20 10:33:10,280797,274807,274794
2026-04-20 10:33:15,281185,274807,274794
2026-04-20 10:33:20,281627,274807,274794
2026-04-20 10:33:25,282151,274807,274794
2026-04-20 10:33:30,282649,274807,274794
2026-04-20 10:33:35,282956,274807,274794
2026-04-20 10:33:40,283297,274807,274794
2026-04-20 10:33:45,283684,274807,274794
2026-04-20 10:33:50,284127,274807,274794
2026-04-20 10:33:55,284356,274807,274794
2026-04-20 10:34:00,284356,274807,274794
2026-04-20 10:34:05,284356,274807,274794
2026-04-20 10:34:10,284356,274807,274794
2026-04-20 10:34:15,284356,274807,274794
2026-04-20 10:34:20,284356,274807,274794
2026-04-20 10:34:25,284356,274807,274794
2026-04-20 10:34:30,284356,274807,274794
2026-04-20 10:34:35,284356,274807,274794
2026-04-20 10:34:40,284353,274804,274794
2026-04-20 10:35:00,8,8,
2026-04-20 10:35:05,20,20,
2026-04-20 10:35:10,25,25,
2026-04-20 10:35:15,25,25,
2026-04-20 10:35:20,25,25,
2026-04-20 10:35:25,25,25,
2026-04-20 10:35:30,25,25,
2026-04-20 10:35:35,25,25,
2026-04-20 10:35:40,25,25,
2026-04-20 10:35:45,79,79,120
2026-04-20 10:35:50,218,218,290
2026-04-20 10:35:55,406,406,480
2026-04-20 10:36:00,593,593,670
2026-04-20 10:36:05,796,796,910
2026-04-20 10:36:10,1045,1045,1160
2026-04-20 10:36:15,1244,1244,1280
2026-04-20 10:36:20,1355,1355,1360
2026-04-20 10:36:25,1418,1418,1420
2026-04-20 10:36:30,1480,1480,1490
2026-04-20 10:36:35,1529,1529,1504
2026-04-20 10:36:40,1529,1529,1504
2026-04-20 10:36:45,1529,1529,1504
2026-04-20 10:36:50,1529,1529,1504
2026-04-20 10:36:55,1529,1529,1504
2026-04-20 10:37:00,1529,1529,1604
2026-04-20 10:37:05,1908,1908,2234
2026-04-20 10:37:10,2660,2660,3274
2026-04-20 10:37:15,3849,3849,4524
2026-04-20 10:37:20,5099,5099,5774
2026-04-20 10:37:25,6349,6349,7024
2026-04-20 10:37:30,7599,7599,8164
2026-04-20 10:37:35,8472,8472,8794
2026-04-20 10:37:40,8971,8971,9004
2026-04-20 10:37:45,9033,9033,9008
2026-04-20 10:37:50,9033,9033,9008
2026-04-20 10:37:55,9033,9033,9008
2026-04-20 10:38:00,9033,9033,9008
2026-04-20 10:38:05,9033,9033,9008
2026-04-20 10:38:10,9033,9033,9008
2026-04-20 10:38:15,9033,9033,9008
2026-04-20 10:38:20,9239,9238,9748
2026-04-20 10:38:25,10321,10321,11108
2026-04-20 10:38:30,12230,12228,13608
2026-04-20 10:38:35,14730,14728,16108
2026-04-20 10:38:40,17230,17226,18608
2026-04-20 10:38:45,19731,19731,21108
2026-04-20 10:38:50,22026,22024,22868
2026-04-20 10:38:55,23444,23443,24008
2026-04-20 10:39:00,24035,24035,24010
2026-04-20 10:39:05,24035,24035,24010
2026-04-20 10:39:10,24035,24035,24010
2026-04-20 10:39:15,24035,24035,24010
2026-04-20 10:39:20,24035,24035,24010
2026-04-20 10:39:25,24035,24035,24010
2026-04-20 10:39:30,24035,24035,24010
2026-04-20 10:39:35,24035,24035,24020
2026-04-20 10:39:40,24309,24309,25120
2026-04-20 10:39:45,26072,26072,27330
2026-04-20 10:39:50,28362,28362,29630
2026-04-20 10:39:55,30662,30661,31920
2026-04-20 10:40:00,32944,32944,34210
2026-04-20 10:40:05,35243,35243,36520
2026-04-20 10:40:10,37545,37544,38810
2026-04-20 10:40:15,39856,39856,41130
2026-04-20 10:40:20,42174,42173,43490
2026-04-20 10:40:25,44602,44601,45990
2026-04-20 10:40:30,47132,47131,48530
2026-04-20 10:40:35,49684,49684,51080
2026-04-20 10:40:40,52225,52225,53620
2026-04-20 10:40:45,54761,54759,56170
2026-04-20 10:40:50,57317,57317,58720
2026-04-20 10:40:55,59872,59868,61260
2026-04-20 10:41:00,62391,62391,63820
2026-04-20 10:41:05,65011,65011,66540
2026-04-20 10:41:10,67771,67770,69310
2026-04-20 10:41:15,70564,70564,72120
2026-04-20 10:41:20,73385,73385,74930
2026-04-20 10:41:25,76190,76189,77730
2026-04-20 10:41:30,78984,78984,80540
2026-04-20 10:41:35,81815,81814,83360
2026-04-20 10:41:40,84612,84610,86180
2026-04-20 10:41:45,87615,87612,89610
2026-04-20 10:41:50,91342,91338,93430
2026-04-20 10:41:55,95153,95152,97190
2026-04-20 10:42:00,98900,98892,100936
2026-04-20 10:42:05,102623,102615,104560
2026-04-20 10:42:10,106308,106305,108320
2026-04-20 10:42:15,110022,110002,112140
2026-04-20 10:42:20,113876,113870,115910
2026-04-20 10:42:25,117646,117638,119740
2026-04-20 10:42:30,121470,121460,123540
2026-04-20 10:42:35,125267,125253,127360
2026-04-20 10:42:40,129058,129051,131110
2026-04-20 10:42:45,132815,132804,134920
2026-04-20 10:42:50,136619,136589,138640
2026-04-20 10:42:55,140304,140301,142350
2026-04-20 10:43:00,144050,144043,146060
2026-04-20 10:43:05,147741,147739,149770
2026-04-20 10:43:10,151435,151420,153410
2026-04-20 10:43:15,155106,155101,157150
2026-04-20 10:43:20,158833,158830,160790
2026-04-20 10:43:25,162548,162531,164580
2026-04-20 10:43:30,166251,166244,168230
2026-04-20 10:43:35,169900,169889,171940
2026-04-20 10:43:40,173623,173622,175700
2026-04-20 10:43:45,177337,177329,179390
2026-04-20 10:43:50,181079,181070,183120
2026-04-20 10:43:55,184781,184779,186750
2026-04-20 10:44:00,188390,188378,190440
2026-04-20 10:44:05,192046,192046,194080
2026-04-20 10:44:10,195738,195733,197770
2026-04-20 10:44:15,199452,199424,201370
2026-04-20 10:44:20,203037,203029,204980
2026-04-20 10:44:25,206609,206592,208530
2026-04-20 10:44:30,210096,210086,212100
2026-04-20 10:44:35,213777,213770,215780
2026-04-20 10:44:40,217288,217285,218540
2026-04-20 10:44:45,218932,218932,218907
2026-04-20 10:44:50,218932,218932,218907
2026-04-20 10:44:55,218932,218932,218907
2026-04-20 10:45:00,218932,218932,218907
2026-04-20 10:45:05,218932,218932,218907
2026-04-20 10:45:10,218932,218932,218907
2026-04-20 10:45:15,218932,218932,218907
2026-04-20 10:45:20,219598,219597,220720
2026-04-20 10:45:25,221432,221432,221407
2026-04-20 10:45:30,221432,221432,221407
2026-04-20 10:45:35,222399,222398,223883
2026-04-20 10:45:40,225437,225435,227353
2026-04-20 10:45:45,228322,228321,228903
2026-04-20 10:45:50,228932,228932,228907
2026-04-20 10:45:55,228932,228932,228907
2026-04-20 10:46:00,228932,228932,228907
2026-04-20 10:46:05,228932,228932,228907
2026-04-20 10:46:10,228932,228932,228907
2026-04-20 10:46:15,228932,228932,228907
2026-04-20 10:46:20,228932,228932,228907
2026-04-20 10:46:25,228942,228932,228907
2026-04-20 10:46:30,228955,228932,228907
2026-04-20 10:46:35,228968,228933,228907
2026-04-20 10:46:40,228995,228936,228907
2026-04-20 10:46:45,229047,228938,228907
2026-04-20 10:46:50,229099,228939,228907
2026-04-20 10:46:55,229153,228940,228907
2026-04-20 10:47:00,229206,228940,228907
2026-04-20 10:47:05,229260,228940,228907
2026-04-20 10:47:10,229316,228940,228907
2026-04-20 10:47:15,229374,228940,228907
2026-04-20 10:47:20,229431,228940,228907
2026-04-20 10:47:25,229492,228940,228907
2026-04-20 10:47:30,229553,228940,228907
2026-04-20 10:47:35,229614,228940,228907
2026-04-20 10:47:40,229675,228940,228907
2026-04-20 10:47:45,229740,228940,228907
2026-04-20 10:47:50,229807,228940,228907
2026-04-20 10:47:55,229873,228940,228907
2026-04-20 10:48:00,229942,228940,228907
2026-04-20 10:48:05,230012,228940,228907
2026-04-20 10:48:10,230085,228940,228907
2026-04-20 10:48:15,230157,228940,228907
2026-04-20 10:48:20,230233,228940,228907
2026-04-20 10:48:25,230311,228940,228907
2026-04-20 10:48:30,230390,228940,228907
2026-04-20 10:48:35,230472,228940,228907
2026-04-20 10:48:40,230556,228940,228907
2026-04-20 10:48:45,230642,228940,228907
2026-04-20 10:48:50,230731,228940,228907
2026-04-20 10:48:55,230823,228940,228907
2026-04-20 10:49:00,230917,228940,228907
2026-04-20 10:49:05,231015,228940,228907
2026-04-20 10:49:10,21,21,228907
2026-04-20 10:49:15,21,21,228907
2026-04-20 10:49:20,21,21,228907
2026-04-20 10:49:25,21,21,228907
2026-04-20 10:49:30,21,21,228907
2026-04-20 10:49:35,21,21,228907
2026-04-20 10:49:40,21,21,228907
2026-04-20 10:49:45,21,21,228907
2026-04-20 10:49:50,21,21,228907
2026-04-20 10:49:55,21,21,228907
2026-04-20 10:50:00,21,21,228907
2026-04-20 10:50:05,21,21,228907
2026-04-20 10:50:10,21,21,228907
2026-04-20 10:50:15,21,21,228907
2026-04-20 10:50:20,21,21,228907
2026-04-20 10:50:25,21,21,228907
2026-04-20 10:50:30,21,21,228907
2026-04-20 10:50:35,21,21,228907
2026-04-20 10:50:40,21,21,228907
2026-04-20 10:50:45,21,21,228907
2026-04-20 10:50:50,21,21,228907
2026-04-20 10:50:55,21,21,228907
2026-04-20 10:51:00,21,21,228907
2026-04-20 10:51:05,21,21,228907
2026-04-20 10:51:10,21,21,228907
2026-04-20 10:51:15,21,21,228907
2026-04-20 10:51:20,21,21,228907
2026-04-20 10:51:25,21,21,228907
2026-04-20 10:51:30,21,21,228907
2026-04-20 10:51:35,21,21,228907
2026-04-20 10:51:40,21,21,228907
2026-04-20 10:51:45,21,21,228907
2026-04-20 10:51:50,21,21,228907
2026-04-20 10:51:55,21,21,228907
2026-04-20 10:52:15,9,9,
2026-04-20 10:52:20,18,18,
2026-04-20 10:52:25,41,41,
2026-04-20 10:52:30,49,49,
2026-04-20 10:52:35,49,49,
2026-04-20 10:52:40,49,49,
2026-04-20 10:52:45,49,49,
2026-04-20 10:52:50,49,49,
2026-04-20 10:52:55,49,49,
2026-04-20 10:53:00,49,49,
2026-04-20 10:53:05,49,49,
2026-04-20 10:53:10,49,49,
2026-04-20 10:53:15,49,49,
2026-04-20 10:53:20,49,49,
2026-04-20 10:53:25,49,49,
2026-04-20 10:53:30,49,49,
2026-04-20 10:53:35,49,49,30
2026-04-20 10:53:40,108,108,90
2026-04-20 10:53:45,170,170,150
2026-04-20 10:53:50,233,233,210
2026-04-20 10:53:55,335,335,390
2026-04-20 10:54:00,524,524,580
2026-04-20 10:54:05,710,710,760
2026-04-20 10:54:10,898,898,950
2026-04-20 10:54:15,1084,1084,1140
2026-04-20 10:54:20,1273,1273,1320
2026-04-20 10:54:25,1421,1421,1400
2026-04-20 10:54:30,1484,1484,1470
2026-04-20 10:54:35,1546,1546,1504
2026-04-20 10:54:40,1553,1553,1504
2026-04-20 10:54:45,1553,1553,1504
2026-04-20 10:54:50,1553,1553,1504
2026-04-20 10:54:55,1553,1553,1504
2026-04-20 10:55:00,1553,1553,1504
2026-04-20 10:55:05,1553,1553,1504
2026-04-20 10:55:10,1553,1553,1504
2026-04-20 10:55:15,1553,1553,1504
2026-04-20 10:55:20,1553,1553,1504
2026-04-20 10:55:25,1553,1553,1504
2026-04-20 10:55:30,1553,1553,1634
2026-04-20 10:55:35,1821,1821,1944
2026-04-20 10:55:40,2134,2133,2254
2026-04-20 10:55:45,2446,2446,2704
2026-04-20 10:55:50,3027,3027,3324
2026-04-20 10:55:55,3651,3651,3954
2026-04-20 10:56:00,4277,4277,4444
2026-04-20 10:56:05,4634,4634,4824
2026-04-20 10:56:10,5151,5151,5454
2026-04-20 10:56:15,5918,5918,6264
2026-04-20 10:56:20,6589,6588,6884
2026-04-20 10:56:25,7214,7213,7514
2026-04-20 10:56:30,7839,7838,8134
2026-04-20 10:56:35,8464,8463,8694
2026-04-20 10:56:40,8886,8885,9004
2026-04-20 10:56:45,9057,9057,9008
2026-04-20 10:56:50,9057,9057,9008
2026-04-20 10:56:55,9057,9057,9008
2026-04-20 10:57:00,9057,9057,9008
2026-04-20 10:57:05,9057,9057,9008
2026-04-20 10:57:10,9057,9057,9008
2026-04-20 10:57:15,9057,9057,9008
2026-04-20 10:57:20,9057,9057,9008
2026-04-20 10:57:25,9057,9057,9008
2026-04-20 10:57:30,9057,9057,9008
2026-04-20 10:57:35,9057,9057,9008
2026-04-20 10:57:40,9057,9057,9008
2026-04-20 10:57:45,9057,9057,9008
2026-04-20 10:57:50,9057,9057,9008
2026-04-20 10:57:55,9057,9057,9008
2026-04-20 10:58:00,9057,9057,9008
2026-04-20 10:58:05,9057,9057,9318
2026-04-20 10:58:10,9870,9868,10518
2026-04-20 10:58:15,11119,11118,11838
2026-04-20 10:58:20,12710,12710,13988
2026-04-20 10:58:25,15174,15127,16468
2026-04-20 10:58:30,17671,17601,18908
2026-04-20 10:58:35,20136,20128,21128
2026-04-20 10:58:40,21854,21853,22498
2026-04-20 10:58:45,23104,23101,23688
2026-04-20 10:58:50,24011,24011,23995
2026-04-20 10:58:55,24044,24044,23995
2026-04-20 10:59:00,24044,24044,23995
2026-04-20 10:59:05,24044,24044,23995
2026-04-20 10:59:10,24044,24044,23995
2026-04-20 10:59:15,24044,24044,23995
2026-04-20 10:59:20,24044,24044,23995
2026-04-20 10:59:25,24044,24044,23995
2026-04-20 10:59:30,24044,24044,23995
2026-04-20 10:59:35,24044,24044,23995
2026-04-20 10:59:40,24044,24044,23995
2026-04-20 10:59:45,24044,24044,24485
2026-04-20 10:59:50,25054,25054,25665
2026-04-20 10:59:55,26240,26240,26855
2026-04-20 11:00:00,27432,27432,28045
2026-04-20 11:00:05,28622,28622,29235
2026-04-20 11:00:10,29843,29843,30705
2026-04-20 11:00:15,31485,31484,32355
2026-04-20 11:00:20,33128,33126,34095
2026-04-20 11:00:25,35043,35043,36165
2026-04-20 11:00:30,37154,37154,38295
2026-04-20 11:00:35,39281,39276,40425
2026-04-20 11:00:40,41416,41414,42565
2026-04-20 11:00:45,43561,43556,44715
2026-04-20 11:00:50,45713,45708,46855
2026-04-20 11:00:55,47871,47869,49045
2026-04-20 11:01:00,50059,50059,51225
2026-04-20 11:01:05,52246,52242,53425
2026-04-20 11:01:10,54409,54402,55625
2026-04-20 11:01:15,56686,56676,57905
2026-04-20 11:01:20,58935,58933,60145
2026-04-20 11:01:25,61180,61173,62365
2026-04-20 11:01:30,63410,63407,64625
2026-04-20 11:01:35,65683,65677,66905
2026-04-20 11:01:40,67931,67919,69105
2026-04-20 11:01:45,70181,70170,71425
2026-04-20 11:01:50,72479,72476,73725
2026-04-20 11:01:55,75176,75160,76275
2026-04-20 11:02:00,77766,77709,78605
2026-04-20 11:02:05,79993,79945,80985
2026-04-20 11:02:10,82097,82085,82825
2026-04-20 11:02:15,83852,83834,84905
2026-04-20 11:02:20,86567,86425,87295
2026-04-20 11:02:25,88759,88742,89665
2026-04-20 11:02:30,89875,89875,90945
2026-04-20 11:02:35,92893,92857,93135
2026-04-20 11:02:40,95818,95356,95265
2026-04-20 11:02:45,97802,97781,97535
2026-04-20 11:02:50,100043,100036,99725
2026-04-20 11:02:55,101957,101954,102045
2026-04-20 11:03:00,104209,104159,104355
2026-04-20 11:03:05,104432,104432,104415
2026-04-20 11:03:10,105562,105420,106495
2026-04-20 11:03:15,108807,108757,108705
2026-04-20 11:03:20,112307,112305,111185
2026-04-20 11:03:25,114628,114624,113575
2026-04-20 11:03:30,116674,116674,115735
2026-04-20 11:03:35,118928,118880,118125
2026-04-20 11:03:40,120160,120159,120255
2026-04-20 11:03:45,122821,122821,122605
2026-04-20 11:03:50,122887,122887,122865
2026-04-20 11:03:55,123954,123585,124695
2026-04-20 11:04:00,127430,127123,126975
2026-04-20 11:04:05,130580,130280,129395
2026-04-20 11:04:10,133216,132766,131485
2026-04-20 11:04:15,135137,135123,133655
2026-04-20 11:04:20,136841,136841,135925
2026-04-20 11:04:25,138599,138596,138175
2026-04-20 11:04:30,139875,139873,139905
2026-04-20 11:04:35,140007,140007,140865
2026-04-20 11:04:40,143105,142581,143065
2026-04-20 11:04:45,146256,146122,145285
2026-04-20 11:04:50,147612,147612,147915
2026-04-20 11:04:55,148264,148264,149385
2026-04-20 11:05:00,150401,150399,151575
2026-04-20 11:05:05,152584,152583,153685
2026-04-20 11:05:10,154639,154638,155445
2026-04-20 11:05:15,156184,156183,157005
2026-04-20 11:05:20,157740,157737,158205
2026-04-20 11:05:25,158259,158259,158210
2026-04-20 11:05:30,158259,158259,158210
2026-04-20 11:05:35,158259,158259,158210
2026-04-20 11:05:40,158259,158259,158210
2026-04-20 11:05:45,158259,158259,158210
2026-04-20 11:05:50,158259,158259,158210
2026-04-20 11:05:55,158259,158259,158210
2026-04-20 11:06:00,158259,158259,158210
2026-04-20 11:06:05,158259,158259,158210
2026-04-20 11:06:10,158259,158259,158210
2026-04-20 11:06:15,158259,158259,158313
2026-04-20 11:06:20,159091,159091,159933
2026-04-20 11:06:25,160635,160634,160710
2026-04-20 11:06:30,160759,160759,160710
2026-04-20 11:06:35,160759,160759,160710
2026-04-20 11:06:40,160759,160759,160710
2026-04-20 11:06:45,160926,160924,161803
2026-04-20 11:06:50,162537,162534,163203
2026-04-20 11:06:55,163295,163295,164151
2026-04-20 11:07:00,165150,165147,166311
2026-04-20 11:07:05,167299,167299,168081
2026-04-20 11:07:10,168259,168259,168210
2026-04-20 11:07:15,168259,168259,168210
2026-04-20 11:07:20,168259,168259,168210
2026-04-20 11:07:25,168259,168259,168210
2026-04-20 11:07:30,168259,168259,168210
2026-04-20 11:07:35,168259,168259,168210
2026-04-20 11:07:40,168259,168259,168210
2026-04-20 11:07:45,168259,168259,168210
2026-04-20 11:07:50,168259,168259,168210
2026-04-20 11:07:55,168259,168259,168210
2026-04-20 11:08:00,168259,168259,168210
2026-04-20 11:08:05,168259,168259,168210
2026-04-20 11:08:10,168259,168259,168210
2026-04-20 11:08:15,168271,168259,168210
2026-04-20 11:08:20,168284,168259,168210
2026-04-20 11:08:25,168297,168261,168210
2026-04-20 11:08:30,168310,168264,168210
2026-04-20 11:08:35,168334,168266,168210
2026-04-20 11:08:40,168361,168268,168210
2026-04-20 11:08:45,168404,168270,168210
2026-04-20 11:08:50,168457,168270,168210
2026-04-20 11:08:55,168510,168270,168210
2026-04-20 11:09:00,168565,168270,168210
2026-04-20 11:09:05,168622,168270,168210
2026-04-20 11:09:10,168677,168270,168210
2026-04-20 11:09:15,168735,168270,168210
2026-04-20 11:09:20,168794,168270,168210
2026-04-20 11:09:25,168854,168270,168210
2026-04-20 11:09:30,168916,168270,168210
2026-04-20 11:09:35,168978,168270,168210
2026-04-20 11:09:40,169041,168270,168210
2026-04-20 11:09:45,169107,168270,168210
2026-04-20 11:09:50,169172,168270,168210
2026-04-20 11:09:55,169241,168270,168210
2026-04-20 11:10:00,169310,168270,168210
2026-04-20 11:10:05,169381,168270,168210
2026-04-20 11:10:10,169455,168270,168210
2026-04-20 11:10:15,169530,168270,168210
2026-04-20 11:10:20,169607,168270,168210
2026-04-20 11:10:25,169686,168270,168210
2026-04-20 11:10:30,169766,168270,168210
2026-04-20 11:10:35,169851,168270,168210
2026-04-20 11:10:40,169935,168270,168210
2026-04-20 11:10:45,170024,168270,168210
2026-04-20 11:10:50,170114,168270,168210
2026-04-20 11:10:55,170207,168270,168210
2026-04-20 11:11:00,170305,168270,168210
2026-04-20 11:11:05,170404,168270,168210
2026-04-20 11:11:10,170506,168270,168210
2026-04-20 11:11:15,170615,168270,168210
2026-04-20 11:11:20,170725,168270,168210
2026-04-20 11:11:25,170840,168270,168210
2026-04-20 11:11:30,170959,168270,168210
2026-04-20 11:11:35,171084,168270,168210
2026-04-20 11:11:40,171214,168270,168210
2026-04-20 11:11:45,171350,168270,168210
2026-04-20 11:11:50,171493,168270,168210
2026-04-20 11:11:55,171642,168270,168210
2026-04-20 11:12:00,171799,168270,168210
2026-04-20 11:12:05,171966,168270,168210
2026-04-20 11:12:10,172142,168270,168210
2026-04-20 11:12:15,172331,168270,168210
2026-04-20 11:12:20,172531,168270,168210
2026-04-20 11:12:25,172745,168270,168210
2026-04-20 11:12:30,172978,168270,168210
2026-04-20 11:12:35,173233,168270,168210
2026-04-20 11:12:40,173511,168270,168210
2026-04-20 11:12:45,173822,168270,168210
2026-04-20 11:12:50,174172,168270,168210
2026-04-20 11:12:55,174575,168270,168210
2026-04-20 11:13:00,175059,168270,168210
2026-04-20 11:13:05,175670,168270,168210
2026-04-20 11:13:10,45,45,168210
2026-04-20 11:13:15,45,45,168210
2026-04-20 11:13:20,45,45,168210
2026-04-20 11:13:25,45,45,168210
2026-04-20 11:13:30,45,45,168210
2026-04-20 11:13:35,45,45,168210
2026-04-20 11:13:40,45,45,168210
2026-04-20 11:13:45,45,45,168210
2026-04-20 11:13:50,45,45,168210
2026-04-20 11:13:55,45,45,168210
2026-04-20 11:14:00,45,45,168210